sigma,snr,repeat,model,algo,use_cv,mse,r2,f1,tpr,fdr,precision,recall,sparsity,n_selected,selection_f1,selection_accuracy,fold,train_time,best_alpha,best_lambda_ridge,sign_accuracy,best_gamma,cv_score
0.5,2.0,0,"PFLRegressorCV (BAFL, gamma=1.0, cap=10.0)",pfl_regressor_cv,True,0.25303346261532994,0.9840242053305623,1.0,1.0,0.0,1.0,1.0,0.98,10,1.0,1.0,0,1.735302209854126,0.030915311735026877,0.1,1.0,,
0.5,2.0,1,"PFLRegressorCV (BAFL, gamma=1.0, cap=10.0)",pfl_regressor_cv,True,0.38202616759685426,0.9680225284072299,1.0,1.0,0.0,1.0,1.0,0.98,10,1.0,1.0,0,1.7611994743347168,0.043209761525580224,0.1,1.0,,
0.5,2.0,2,"PFLRegressorCV (BAFL, gamma=1.0, cap=10.0)",pfl_regressor_cv,True,0.20191862400781138,0.9872708827953408,1.0,1.0,0.0,1.0,1.0,0.98,10,1.0,1.0,0,1.961721420288086,0.038873858970871276,0.1,1.0,,
0.5,2.0,3,"PFLRegressorCV (BAFL, gamma=1.0, cap=10.0)",pfl_regressor_cv,True,0.23409285198160998,0.9848845395086433,1.0,1.0,0.0,1.0,1.0,0.98,10,1.0,1.0,0,1.6390984058380127,0.04683606626662204,0.1,1.0,,
0.5,2.0,4,"PFLRegressorCV (BAFL, gamma=1.0, cap=10.0)",pfl_regressor_cv,True,0.3211646887183068,0.9827642729064316,1.0,1.0,0.0,1.0,1.0,0.98,10,1.0,1.0,0,1.8780333995819092,0.07608292120421731,0.1,1.0,,
0.5,2.0,5,"PFLRegressorCV (BAFL, gamma=1.0, cap=10.0)",pfl_regressor_cv,True,0.33807644638526074,0.9732411944876062,1.0,1.0,0.0,1.0,1.0,0.98,10,1.0,1.0,0,1.8527789115905762,0.042879197784177404,0.1,1.0,,
0.5,2.0,6,"PFLRegressorCV (BAFL, gamma=1.0, cap=10.0)",pfl_regressor_cv,True,0.37731607233766395,0.9734815765544067,1.0,1.0,0.0,1.0,1.0,0.98,10,1.0,1.0,0,1.7511827945709229,0.04672563507417776,10.0,1.0,,
0.5,2.0,7,"PFLRegressorCV (BAFL, gamma=1.0, cap=10.0)",pfl_regressor_cv,True,0.21233516524419285,0.984861655903206,1.0,1.0,0.0,1.0,1.0,0.98,10,1.0,1.0,0,1.865112543106079,0.03444382107405817,0.1,1.0,,
0.5,2.0,8,"PFLRegressorCV (BAFL, gamma=1.0, cap=10.0)",pfl_regressor_cv,True,0.36261286716910995,0.9729811354871977,1.0,1.0,0.0,1.0,1.0,0.98,10,1.0,1.0,0,2.0586116313934326,0.052675113125644726,1.0,1.0,,
0.5,2.0,9,"PFLRegressorCV (BAFL, gamma=1.0, cap=10.0)",pfl_regressor_cv,True,0.38223312715352004,0.9766970062931986,1.0,1.0,0.0,1.0,1.0,0.98,10,1.0,1.0,0,2.012693405151367,0.05928995126492646,0.1,1.0,,
0.5,2.0,10,"PFLRegressorCV (BAFL, gamma=1.0, cap=10.0)",pfl_regressor_cv,True,0.2941311737769476,0.9776643373274515,1.0,1.0,0.0,1.0,1.0,0.98,10,1.0,1.0,0,1.7442224025726318,0.04810755368537927,10.0,1.0,,
0.5,2.0,11,"PFLRegressorCV (BAFL, gamma=1.0, cap=10.0)",pfl_regressor_cv,True,0.2070321091712151,0.9791018469381193,1.0,1.0,0.0,1.0,1.0,0.98,10,1.0,1.0,0,1.806577205657959,0.044373016177528216,10.0,1.0,,
0.5,2.0,12,"PFLRegressorCV (BAFL, gamma=1.0, cap=10.0)",pfl_regressor_cv,True,0.2984210880894922,0.9824468964257799,1.0,1.0,0.0,1.0,1.0,0.98,10,1.0,1.0,0,1.6990225315093994,0.0385021360548327,1.0,1.0,,
0.5,2.0,13,"PFLRegressorCV (BAFL, gamma=1.0, cap=10.0)",pfl_regressor_cv,True,0.3105566237252237,0.9817894819940242,1.0,1.0,0.0,1.0,1.0,0.98,10,1.0,1.0,0,1.8400886058807373,0.04729686210713311,0.1,1.0,,
0.5,2.0,14,"PFLRegressorCV (BAFL, gamma=1.0, cap=10.0)",pfl_regressor_cv,True,0.3068535955940861,0.9740200170632601,1.0,1.0,0.0,1.0,1.0,0.98,10,1.0,1.0,0,1.8715496063232422,0.10251601926210367,0.1,1.0,,
0.5,2.0,15,"PFLRegressorCV (BAFL, gamma=1.0, cap=10.0)",pfl_regressor_cv,True,0.2554221374594912,0.9827652828193935,1.0,1.0,0.0,1.0,1.0,0.98,10,1.0,1.0,0,1.668614387512207,0.07367724267586222,0.1,1.0,,
0.5,2.0,16,"PFLRegressorCV (BAFL, gamma=1.0, cap=10.0)",pfl_regressor_cv,True,0.3393400252676549,0.974792426336055,1.0,1.0,0.0,1.0,1.0,0.98,10,1.0,1.0,0,1.9874155521392822,0.08315753387007521,0.1,1.0,,
0.5,2.0,17,"PFLRegressorCV (BAFL, gamma=1.0, cap=10.0)",pfl_regressor_cv,True,0.28580911793665387,0.9781340780456812,1.0,1.0,0.0,1.0,1.0,0.98,10,1.0,1.0,0,1.8283157348632812,0.04539119114063228,0.1,1.0,,
0.5,2.0,18,"PFLRegressorCV (BAFL, gamma=1.0, cap=10.0)",pfl_regressor_cv,True,0.29155478944472674,0.9809641961992946,1.0,1.0,0.0,1.0,1.0,0.98,10,1.0,1.0,0,1.8299245834350586,0.04764552100314059,0.1,1.0,,
0.5,2.0,19,"PFLRegressorCV (BAFL, gamma=1.0, cap=10.0)",pfl_regressor_cv,True,0.2307848438330549,0.9876336659182047,1.0,1.0,0.0,1.0,1.0,0.98,10,1.0,1.0,0,1.8538730144500732,0.06137910691039271,0.1,1.0,,
1.0,1.0,0,"PFLRegressorCV (BAFL, gamma=1.0, cap=10.0)",pfl_regressor_cv,True,0.993589684590374,0.9399496749890907,1.0,1.0,0.0,1.0,1.0,0.98,10,1.0,1.0,0,2.191676378250122,0.05102827270487253,10.0,1.0,,
1.0,1.0,1,"PFLRegressorCV (BAFL, gamma=1.0, cap=10.0)",pfl_regressor_cv,True,1.5179109910523068,0.8808193114189867,1.0,1.0,0.0,1.0,1.0,0.98,10,1.0,1.0,0,2.1183247566223145,0.08229528845026453,0.1,1.0,,
1.0,1.0,2,"PFLRegressorCV (BAFL, gamma=1.0, cap=10.0)",pfl_regressor_cv,True,0.8139434871976975,0.9516774093103931,1.0,1.0,0.0,1.0,1.0,0.98,10,1.0,1.0,0,2.0103976726531982,0.07231428106313394,0.1,1.0,,
1.0,1.0,3,"PFLRegressorCV (BAFL, gamma=1.0, cap=10.0)",pfl_regressor_cv,True,0.9635764572858067,0.9370313559283512,1.0,1.0,0.0,1.0,1.0,0.98,10,1.0,1.0,0,2.0026516914367676,0.10305282844225162,10.0,1.0,,
1.0,1.0,4,"PFLRegressorCV (BAFL, gamma=1.0, cap=10.0)",pfl_regressor_cv,True,1.0157296474715172,0.9464705326349805,1.0,1.0,0.0,1.0,1.0,0.98,10,1.0,1.0,0,1.9071309566497803,0.11050938056795519,0.1,1.0,,
1.0,1.0,5,"PFLRegressorCV (BAFL, gamma=1.0, cap=10.0)",pfl_regressor_cv,True,1.3606589719758184,0.9001043590979436,1.0,1.0,0.0,1.0,1.0,0.98,10,1.0,1.0,0,1.9759035110473633,0.0919829871611637,1.0,1.0,,
1.0,1.0,6,"PFLRegressorCV (BAFL, gamma=1.0, cap=10.0)",pfl_regressor_cv,True,1.495706415598877,0.9026020954052665,1.0,1.0,0.0,1.0,1.0,0.98,10,1.0,1.0,0,2.054717540740967,0.0881811944187556,10.0,1.0,,
1.0,1.0,7,"PFLRegressorCV (BAFL, gamma=1.0, cap=10.0)",pfl_regressor_cv,True,0.8662656780496493,0.941434063268209,1.0,1.0,0.0,1.0,1.0,0.98,10,1.0,1.0,0,2.0269722938537598,0.07211038911758594,0.1,1.0,,
1.0,1.0,8,"PFLRegressorCV (BAFL, gamma=1.0, cap=10.0)",pfl_regressor_cv,True,1.4441416415978163,0.9044949598467126,1.0,1.0,0.0,1.0,1.0,0.98,10,1.0,1.0,0,1.8569114208221436,0.10130619478465966,1.0,1.0,,
1.0,1.0,9,"PFLRegressorCV (BAFL, gamma=1.0, cap=10.0)",pfl_regressor_cv,True,1.5198483146494743,0.9095624444521313,1.0,1.0,0.0,1.0,1.0,0.98,10,1.0,1.0,0,1.9752261638641357,0.1042356633923565,10.0,1.0,,
1.0,1.0,10,"PFLRegressorCV (BAFL, gamma=1.0, cap=10.0)",pfl_regressor_cv,True,1.1734286029981729,0.9131612635506295,1.0,1.0,0.0,1.0,1.0,0.98,10,1.0,1.0,0,1.8338799476623535,0.08914444712115781,10.0,1.0,,
1.0,1.0,11,"PFLRegressorCV (BAFL, gamma=1.0, cap=10.0)",pfl_regressor_cv,True,0.8056156776827597,0.9270042022686383,1.0,1.0,0.0,1.0,1.0,0.98,10,1.0,1.0,0,1.8792707920074463,0.07469590093688419,100.0,1.0,,
1.0,1.0,12,"PFLRegressorCV (BAFL, gamma=1.0, cap=10.0)",pfl_regressor_cv,True,1.1903452036920534,0.9344306274443007,1.0,1.0,0.0,1.0,1.0,0.98,10,1.0,1.0,0,1.9674904346466064,0.07341213452966537,100.0,1.0,,
1.0,1.0,13,"PFLRegressorCV (BAFL, gamma=1.0, cap=10.0)",pfl_regressor_cv,True,1.2196632323323615,0.9314713712735545,1.0,1.0,0.0,1.0,1.0,0.98,10,1.0,1.0,0,2.080277442932129,0.08958932858922336,10.0,1.0,,
1.0,1.0,14,"PFLRegressorCV (BAFL, gamma=1.0, cap=10.0)",pfl_regressor_cv,True,1.0399786038725034,0.9179213976117071,1.0,1.0,0.0,1.0,1.0,0.98,10,1.0,1.0,0,1.7642812728881836,0.12782158339853536,0.1,1.0,,
1.0,1.0,15,"PFLRegressorCV (BAFL, gamma=1.0, cap=10.0)",pfl_regressor_cv,True,0.9591586091895982,0.9354342641618034,1.0,1.0,0.0,1.0,1.0,0.98,10,1.0,1.0,0,1.7311089038848877,0.10769813329513536,0.1,1.0,,
1.0,1.0,16,"PFLRegressorCV (BAFL, gamma=1.0, cap=10.0)",pfl_regressor_cv,True,1.2620062425065985,0.9135781930106712,1.0,1.0,0.0,1.0,1.0,0.98,10,1.0,1.0,0,2.021482467651367,0.12503876808662648,10.0,1.0,,
1.0,1.0,17,"PFLRegressorCV (BAFL, gamma=1.0, cap=10.0)",pfl_regressor_cv,True,1.1155836524301708,0.9180934939967103,0.9523809523809523,1.0,0.09090909090909091,0.9090909090909091,1.0,0.978,11,0.9523809523809523,0.998,0,2.1699752807617188,0.07957612380134482,0.1,1.0,,
1.0,1.0,18,"PFLRegressorCV (BAFL, gamma=1.0, cap=10.0)",pfl_regressor_cv,True,1.1493937704222268,0.9268696488438647,1.0,1.0,0.0,1.0,1.0,0.98,10,1.0,1.0,0,2.0446219444274902,0.07770538757361006,10.0,1.0,,
1.0,1.0,19,"PFLRegressorCV (BAFL, gamma=1.0, cap=10.0)",pfl_regressor_cv,True,0.9052618905768094,0.9520587853651586,1.0,1.0,0.0,1.0,1.0,0.98,10,1.0,1.0,0,1.9085609912872314,0.10722900998731118,10.0,1.0,,
2.0,0.5,0,"PFLRegressorCV (BAFL, gamma=1.0, cap=10.0)",pfl_regressor_cv,True,4.134179784579479,0.7850370779725493,0.7692307692307693,1.0,0.375,0.625,1.0,0.968,16,0.7692307692307693,0.988,0,2.3084707260131836,0.1047811534696632,100.0,1.0,,
2.0,0.5,1,"PFLRegressorCV (BAFL, gamma=1.0, cap=10.0)",pfl_regressor_cv,True,6.260504127515344,0.6173443075726095,0.9523809523809523,1.0,0.09090909090909091,0.9090909090909091,1.0,0.978,11,0.9523809523809523,0.998,0,2.3139736652374268,0.17321435330045226,100.0,1.0,,
2.0,0.5,2,"PFLRegressorCV (BAFL, gamma=1.0, cap=10.0)",pfl_regressor_cv,True,3.469684249751613,0.8260952355608672,1.0,1.0,0.0,1.0,1.0,0.98,10,1.0,1.0,0,2.14870023727417,0.18101090504896034,100.0,1.0,,
2.0,0.5,3,"PFLRegressorCV (BAFL, gamma=1.0, cap=10.0)",pfl_regressor_cv,True,4.01488021837733,0.7517618353486836,1.0,1.0,0.0,1.0,1.0,0.98,10,1.0,1.0,0,2.3121180534362793,0.2166142293420279,100.0,1.0,,
2.0,0.5,4,"PFLRegressorCV (BAFL, gamma=1.0, cap=10.0)",pfl_regressor_cv,True,3.63466631128893,0.8244681064848536,1.0,1.0,0.0,1.0,1.0,0.98,10,1.0,1.0,0,2.7213850021362305,0.18490217693427477,100.0,1.0,,
2.0,0.5,5,"PFLRegressorCV (BAFL, gamma=1.0, cap=10.0)",pfl_regressor_cv,True,5.497474208364432,0.6846945553831361,1.0,1.0,0.0,1.0,1.0,0.98,10,1.0,1.0,0,2.3546438217163086,0.20088312512726925,100.0,1.0,,
2.0,0.5,6,"PFLRegressorCV (BAFL, gamma=1.0, cap=10.0)",pfl_regressor_cv,True,6.061085745280794,0.6863062096036742,1.0,1.0,0.0,1.0,1.0,0.98,10,1.0,1.0,0,2.2957754135131836,0.16607227329639612,100.0,1.0,,
2.0,0.5,7,"PFLRegressorCV (BAFL, gamma=1.0, cap=10.0)",pfl_regressor_cv,True,3.637004382843132,0.7918530034859796,1.0,1.0,0.0,1.0,1.0,0.98,10,1.0,1.0,0,2.1241002082824707,0.14773643047227836,10.0,1.0,,
2.0,0.5,8,"PFLRegressorCV (BAFL, gamma=1.0, cap=10.0)",pfl_regressor_cv,True,5.960688532406092,0.7048617507527992,1.0,1.0,0.0,1.0,1.0,0.98,10,1.0,1.0,0,2.337419033050537,0.21441880622740914,10.0,1.0,,
2.0,0.5,9,"PFLRegressorCV (BAFL, gamma=1.0, cap=10.0)",pfl_regressor_cv,True,6.2754310841792575,0.6781086487188598,1.0,1.0,0.0,1.0,1.0,0.98,10,1.0,1.0,0,2.382741928100586,0.20253068614706862,100.0,1.0,,
2.0,0.5,10,"PFLRegressorCV (BAFL, gamma=1.0, cap=10.0)",pfl_regressor_cv,True,4.78416276208566,0.698354446521201,1.0,1.0,0.0,1.0,1.0,0.98,10,1.0,1.0,0,2.196046829223633,0.19666868840287244,100.0,1.0,,
2.0,0.5,11,"PFLRegressorCV (BAFL, gamma=1.0, cap=10.0)",pfl_regressor_cv,True,3.2636522603736116,0.7735589072603839,1.0,1.0,0.0,1.0,1.0,0.98,10,1.0,1.0,0,2.3481767177581787,0.1601547748700454,100.0,1.0,,
2.0,0.5,12,"PFLRegressorCV (BAFL, gamma=1.0, cap=10.0)",pfl_regressor_cv,True,4.989146984833946,0.771150108108135,1.0,1.0,0.0,1.0,1.0,0.98,10,1.0,1.0,0,2.1934263706207275,0.1675978766357296,100.0,1.0,,
2.0,0.5,13,"PFLRegressorCV (BAFL, gamma=1.0, cap=10.0)",pfl_regressor_cv,True,4.996116535341012,0.7539281727588966,1.0,1.0,0.0,1.0,1.0,0.98,10,1.0,1.0,0,2.619556427001953,0.18054990591985948,100.0,1.0,,
2.0,0.5,14,"PFLRegressorCV (BAFL, gamma=1.0, cap=10.0)",pfl_regressor_cv,True,3.9845721367478886,0.7470402792589748,1.0,1.0,0.0,1.0,1.0,0.98,10,1.0,1.0,0,2.2576699256896973,0.19539439104097647,10.0,1.0,,
2.0,0.5,15,"PFLRegressorCV (BAFL, gamma=1.0, cap=10.0)",pfl_regressor_cv,True,3.950236047360451,0.7562970942956344,1.0,1.0,0.0,1.0,1.0,0.98,10,1.0,1.0,0,2.9590814113616943,0.20964345635630197,100.0,1.0,,
2.0,0.5,16,"PFLRegressorCV (BAFL, gamma=1.0, cap=10.0)",pfl_regressor_cv,True,4.925147038109771,0.7324456569675836,1.0,1.0,0.0,1.0,1.0,0.98,10,1.0,1.0,0,2.7854785919189453,0.20094611502000997,100.0,1.0,,
2.0,0.5,17,"PFLRegressorCV (BAFL, gamma=1.0, cap=10.0)",pfl_regressor_cv,True,4.9338575198618075,0.6931886900134685,0.9090909090909091,1.0,0.16666666666666666,0.8333333333333334,1.0,0.976,12,0.9090909090909091,0.996,0,2.483393907546997,0.18500345698696857,100.0,1.0,,
2.0,0.5,18,"PFLRegressorCV (BAFL, gamma=1.0, cap=10.0)",pfl_regressor_cv,True,4.602454014359087,0.7456477615544912,0.9523809523809523,1.0,0.09090909090909091,0.9090909090909091,1.0,0.978,11,0.9523809523809523,0.998,0,2.7715694904327393,0.1422241299747718,100.0,1.0,,
2.0,0.5,19,"PFLRegressorCV (BAFL, gamma=1.0, cap=10.0)",pfl_regressor_cv,True,3.681377165856119,0.8210702761132392,1.0,1.0,0.0,1.0,1.0,0.98,10,1.0,1.0,0,2.6554059982299805,0.23211113692980917,100.0,1.0,,
3.0,0.33,0,"PFLRegressorCV (BAFL, gamma=1.0, cap=10.0)",pfl_regressor_cv,True,10.553075402630148,0.5530868059207473,0.7200000000000001,0.9,0.4,0.6,0.9,0.97,15,0.7200000000000001,0.986,0,2.9073522090911865,0.1951895888771194,100.0,1.0,,
3.0,0.33,1,"PFLRegressorCV (BAFL, gamma=1.0, cap=10.0)",pfl_regressor_cv,True,14.560386486409586,0.358924448042657,0.8695652173913044,1.0,0.23076923076923078,0.7692307692307693,1.0,0.974,13,0.8695652173913044,0.994,0,2.6578338146209717,0.2701364148286702,100.0,1.0,,
3.0,0.33,2,"PFLRegressorCV (BAFL, gamma=1.0, cap=10.0)",pfl_regressor_cv,True,8.22803070909767,0.6653409292188428,0.9,0.9,0.1,0.9,0.9,0.98,10,0.9,0.996,0,2.236541748046875,0.2888907616241599,100.0,1.0,,
3.0,0.33,3,"PFLRegressorCV (BAFL, gamma=1.0, cap=10.0)",pfl_regressor_cv,True,9.104751214849175,0.5130597929986687,0.9,0.9,0.1,0.9,0.9,0.98,10,0.9,0.996,0,2.56195068359375,0.35957362926119135,100.0,1.0,,
3.0,0.33,4,"PFLRegressorCV (BAFL, gamma=1.0, cap=10.0)",pfl_regressor_cv,True,8.410029969362748,0.6471706200568501,0.9523809523809523,1.0,0.09090909090909091,0.9090909090909091,1.0,0.978,11,0.9523809523809523,0.998,0,2.42112398147583,0.28549901224679647,100.0,1.0,,
3.0,0.33,5,"PFLRegressorCV (BAFL, gamma=1.0, cap=10.0)",pfl_regressor_cv,True,12.59783503180782,0.4685621209219093,1.0,1.0,0.0,1.0,1.0,0.98,10,1.0,1.0,0,2.2893128395080566,0.3314350636148431,100.0,1.0,,
3.0,0.33,6,"PFLRegressorCV (BAFL, gamma=1.0, cap=10.0)",pfl_regressor_cv,True,14.162410626553823,0.4460187376899406,0.8571428571428572,0.9,0.18181818181818182,0.8181818181818182,0.9,0.978,11,0.8571428571428572,0.994,0,2.4104366302490234,0.2690100069894427,100.0,1.0,,
3.0,0.33,7,"PFLRegressorCV (BAFL, gamma=1.0, cap=10.0)",pfl_regressor_cv,True,8.537904824575515,0.6063889926947565,0.9473684210526316,0.9,0.0,1.0,0.9,0.982,9,0.9473684210526316,0.998,0,2.2983005046844482,0.2502616433304223,100.0,1.0,,
3.0,0.33,8,"PFLRegressorCV (BAFL, gamma=1.0, cap=10.0)",pfl_regressor_cv,True,14.377390130324422,0.47726099521889676,0.888888888888889,0.8,0.0,1.0,0.8,0.984,8,0.888888888888889,0.996,0,2.1802074909210205,0.4134972007698105,100.0,1.0,,
3.0,0.33,9,"PFLRegressorCV (BAFL, gamma=1.0, cap=10.0)",pfl_regressor_cv,True,14.118566573107433,0.4283551562356219,0.9473684210526316,0.9,0.0,1.0,0.9,0.982,9,0.9473684210526316,0.998,0,2.993396043777466,0.3921961884209614,100.0,1.0,,
3.0,0.33,10,"PFLRegressorCV (BAFL, gamma=1.0, cap=10.0)",pfl_regressor_cv,True,11.142639068066105,0.4543323292161673,0.9523809523809523,1.0,0.09090909090909091,0.9090909090909091,1.0,0.978,11,0.9523809523809523,0.998,0,2.4249234199523926,0.2888387161320212,100.0,1.0,,
3.0,0.33,11,"PFLRegressorCV (BAFL, gamma=1.0, cap=10.0)",pfl_regressor_cv,True,7.820444965529986,0.5943390577854307,1.0,1.0,0.0,1.0,1.0,0.98,10,1.0,1.0,0,2.3913073539733887,0.3007777417686412,100.0,1.0,,
3.0,0.33,12,"PFLRegressorCV (BAFL, gamma=1.0, cap=10.0)",pfl_regressor_cv,True,12.35905955850429,0.5462245556361236,1.0,1.0,0.0,1.0,1.0,0.98,10,1.0,1.0,0,2.7935028076171875,0.31761399637420185,100.0,1.0,,
3.0,0.33,13,"PFLRegressorCV (BAFL, gamma=1.0, cap=10.0)",pfl_regressor_cv,True,11.899461595801698,0.507584602297289,1.0,1.0,0.0,1.0,1.0,0.98,10,1.0,1.0,0,2.0813727378845215,0.28183934725169735,100.0,1.0,,
3.0,0.33,14,"PFLRegressorCV (BAFL, gamma=1.0, cap=10.0)",pfl_regressor_cv,True,8.74029199377577,0.5767377489344699,0.9523809523809523,1.0,0.09090909090909091,0.9090909090909091,1.0,0.978,11,0.9523809523809523,0.998,0,3.3490912914276123,0.23882441920029454,100.0,1.0,,
3.0,0.33,15,"PFLRegressorCV (BAFL, gamma=1.0, cap=10.0)",pfl_regressor_cv,True,10.62801963721341,0.4485723497397921,0.8235294117647058,0.7,0.0,1.0,0.7,0.986,7,0.8235294117647058,0.994,0,2.2003464698791504,0.5393520381468672,100.0,1.0,,
3.0,0.33,16,"PFLRegressorCV (BAFL, gamma=1.0, cap=10.0)",pfl_regressor_cv,True,11.57709676143168,0.5224748456331396,0.9523809523809523,1.0,0.09090909090909091,0.9090909090909091,1.0,0.978,11,0.9523809523809523,0.998,0,2.454556941986084,0.30829603210344725,100.0,1.0,,
3.0,0.33,17,"PFLRegressorCV (BAFL, gamma=1.0, cap=10.0)",pfl_regressor_cv,True,11.826274276883867,0.4190995245305956,0.8181818181818182,0.9,0.25,0.75,0.9,0.976,12,0.8181818181818182,0.992,0,2.416656970977783,0.3253474052104102,100.0,1.0,,
3.0,0.33,18,"PFLRegressorCV (BAFL, gamma=1.0, cap=10.0)",pfl_regressor_cv,True,10.431232054743456,0.5379042097217517,0.8333333333333333,1.0,0.2857142857142857,0.7142857142857143,1.0,0.972,14,0.8333333333333333,0.992,0,2.9604790210723877,0.21567424088357426,100.0,1.0,,
3.0,0.33,19,"PFLRegressorCV (BAFL, gamma=1.0, cap=10.0)",pfl_regressor_cv,True,8.309761635551393,0.6528045308223527,0.9090909090909091,1.0,0.16666666666666666,0.8333333333333334,1.0,0.976,12,0.9090909090909091,0.996,0,2.525778293609619,0.3381418422545494,100.0,1.0,,
0.5,2.0,0,AdaptiveLassoCV (fixed),adaptive_lasso_cv,True,7.236375886609083,0.543116336786309,0.888888888888889,0.8,0.0,1.0,0.8,0.984,8,0.888888888888889,0.996,0,0.6760365962982178,0.18873918221350977,,1.0,2.0,-0.30394029895913066
0.5,2.0,1,AdaptiveLassoCV (fixed),adaptive_lasso_cv,True,1.64502455138362,0.8623033437940021,1.0,1.0,0.0,1.0,1.0,0.98,10,1.0,1.0,0,0.6676928997039795,0.12689610031679233,,1.0,2.0,-0.31483394644200474
0.5,2.0,2,AdaptiveLassoCV (fixed),adaptive_lasso_cv,True,0.26123928612304853,0.9835312591502549,1.0,1.0,0.0,1.0,1.0,0.98,10,1.0,1.0,0,0.6325538158416748,0.03856620421163472,,1.0,1.0,-0.3285661578434524
0.5,2.0,3,AdaptiveLassoCV (fixed),adaptive_lasso_cv,True,0.7261680735173461,0.9531110636979281,1.0,1.0,0.0,1.0,1.0,0.98,10,1.0,1.0,0,0.692371129989624,0.08531678524172814,,1.0,2.0,-0.3807526197539992
0.5,2.0,4,AdaptiveLassoCV (fixed),adaptive_lasso_cv,True,0.36526872420040185,0.9803973716062666,1.0,1.0,0.0,1.0,1.0,0.98,10,1.0,1.0,0,0.6933619976043701,0.03856620421163472,,1.0,1.0,-0.524498655938049
0.5,2.0,5,AdaptiveLassoCV (fixed),adaptive_lasso_cv,True,0.7383250436934328,0.9415614531554555,1.0,1.0,0.0,1.0,1.0,0.98,10,1.0,1.0,0,0.6663308143615723,0.08531678524172814,,1.0,2.0,-0.37180231210866627
0.5,2.0,6,AdaptiveLassoCV (fixed),adaptive_lasso_cv,True,4.105646969393444,0.7114480595063053,0.9473684210526316,0.9,0.0,1.0,0.9,0.982,9,0.9473684210526316,0.998,0,0.672307014465332,0.18873918221350977,,1.0,2.0,-0.36307295220295316
0.5,2.0,7,AdaptiveLassoCV (fixed),adaptive_lasso_cv,True,2.279606381781037,0.8374764454443432,1.0,1.0,0.0,1.0,1.0,0.98,10,1.0,1.0,0,0.6639552116394043,0.12689610031679233,,1.0,2.0,-0.2987557598907643
0.5,2.0,8,AdaptiveLassoCV (fixed),adaptive_lasso_cv,True,0.42739304090743624,0.9681542611652356,1.0,1.0,0.0,1.0,1.0,0.98,10,1.0,1.0,0,0.6983470916748047,0.02592943797404667,,1.0,1.0,-0.3763361011832155
0.5,2.0,9,AdaptiveLassoCV (fixed),adaptive_lasso_cv,True,0.5230023019433173,0.9681149579012475,1.0,1.0,0.0,1.0,1.0,0.98,10,1.0,1.0,0,0.7066440582275391,0.03856620421163472,,1.0,1.0,-0.37867683667560786
0.5,2.0,10,AdaptiveLassoCV (fixed),adaptive_lasso_cv,True,0.33238538681637125,0.9747593980539955,1.0,1.0,0.0,1.0,1.0,0.98,10,1.0,1.0,0,0.6742277145385742,0.03856620421163472,,1.0,1.0,-0.2996503528256972
0.5,2.0,11,AdaptiveLassoCV (fixed),adaptive_lasso_cv,True,0.3154945172094141,0.9681534775585275,1.0,1.0,0.0,1.0,1.0,0.98,10,1.0,1.0,0,0.6933944225311279,0.05736152510448681,,1.0,1.0,-0.3060545901033968
0.5,2.0,12,AdaptiveLassoCV (fixed),adaptive_lasso_cv,True,1.476478190097113,0.9131536756943947,1.0,1.0,0.0,1.0,1.0,0.98,10,1.0,1.0,0,0.6848366260528564,0.12689610031679233,,1.0,2.0,-0.3178533485263913
0.5,2.0,13,AdaptiveLassoCV (fixed),adaptive_lasso_cv,True,0.1815148176825422,0.9893562764300142,1.0,1.0,0.0,1.0,1.0,0.98,10,1.0,1.0,0,0.6774332523345947,0.03856620421163472,,1.0,1.0,-0.31779759900815213
0.5,2.0,14,AdaptiveLassoCV (fixed),adaptive_lasso_cv,True,0.4907265085844021,0.9584522830995486,1.0,1.0,0.0,1.0,1.0,0.98,10,1.0,1.0,0,0.707526445388794,0.02592943797404667,,1.0,1.0,-0.5445674619378751
0.5,2.0,15,AdaptiveLassoCV (fixed),adaptive_lasso_cv,True,0.333352617273936,0.9775068906036288,1.0,1.0,0.0,1.0,1.0,0.98,10,1.0,1.0,0,0.6938450336456299,0.03856620421163472,,1.0,1.0,-0.3781278481642702
0.5,2.0,16,AdaptiveLassoCV (fixed),adaptive_lasso_cv,True,0.5379892296895757,0.9600359458713648,1.0,1.0,0.0,1.0,1.0,0.98,10,1.0,1.0,0,0.6803703308105469,0.02592943797404667,,1.0,1.0,-0.5414139607987396
0.5,2.0,17,AdaptiveLassoCV (fixed),adaptive_lasso_cv,True,1.3879276404842273,0.893816132654675,1.0,1.0,0.0,1.0,1.0,0.98,10,1.0,1.0,0,0.6716020107269287,0.08531678524172814,,1.0,2.0,-0.46776563324588716
0.5,2.0,18,AdaptiveLassoCV (fixed),adaptive_lasso_cv,True,0.3043636841053061,0.9801278950494248,0.5714285714285715,1.0,0.6,0.4,1.0,0.95,25,0.5714285714285715,0.97,0,0.6437232494354248,0.017433288221999892,,1.0,0.5,-0.3747853035717284
0.5,2.0,19,AdaptiveLassoCV (fixed),adaptive_lasso_cv,True,0.31039518183233245,0.9833678397066019,1.0,1.0,0.0,1.0,1.0,0.98,10,1.0,1.0,0,0.6609728336334229,0.02592943797404667,,1.0,1.0,-0.3943848425459874
1.0,1.0,0,AdaptiveLassoCV (fixed),adaptive_lasso_cv,True,5.120119425347585,0.6905515019375918,0.9473684210526316,0.9,0.0,1.0,0.9,0.982,9,0.9473684210526316,0.998,0,0.8403058052062988,0.12689610031679233,,1.0,2.0,-1.1680625646648344
1.0,1.0,1,AdaptiveLassoCV (fixed),adaptive_lasso_cv,True,1.973094472310353,0.8450800084909357,1.0,1.0,0.0,1.0,1.0,0.98,10,1.0,1.0,0,0.8633887767791748,0.08531678524172814,,1.0,2.0,-1.1213152934285873
1.0,1.0,2,AdaptiveLassoCV (fixed),adaptive_lasso_cv,True,1.1572589167410923,0.9312952928119015,1.0,1.0,0.0,1.0,1.0,0.98,10,1.0,1.0,0,0.8593237400054932,0.08531678524172814,,1.0,2.0,-1.0543398934978083
1.0,1.0,3,AdaptiveLassoCV (fixed),adaptive_lasso_cv,True,0.9736250634812027,0.936374690749216,1.0,1.0,0.0,1.0,1.0,0.98,10,1.0,1.0,0,0.8169758319854736,0.03856620421163472,,1.0,2.0,-1.488091387582856
1.0,1.0,4,AdaptiveLassoCV (fixed),adaptive_lasso_cv,True,1.540929095011794,0.9187922554898587,1.0,1.0,0.0,1.0,1.0,0.98,10,1.0,1.0,0,0.866685152053833,0.05736152510448681,,1.0,2.0,-1.4798245750365193
1.0,1.0,5,AdaptiveLassoCV (fixed),adaptive_lasso_cv,True,1.3762217305618734,0.8989617864363307,1.0,1.0,0.0,1.0,1.0,0.98,10,1.0,1.0,0,0.858954906463623,0.03856620421163472,,1.0,2.0,-1.3406509491701821
1.0,1.0,6,AdaptiveLassoCV (fixed),adaptive_lasso_cv,True,2.979665484030379,0.8059691584450341,1.0,1.0,0.0,1.0,1.0,0.98,10,1.0,1.0,0,0.8073890209197998,0.08531678524172814,,1.0,2.0,-1.2297357000832985
1.0,1.0,7,AdaptiveLassoCV (fixed),adaptive_lasso_cv,True,1.6908247229384439,0.8856878019557352,1.0,1.0,0.0,1.0,1.0,0.98,10,1.0,1.0,0,0.835205078125,0.08531678524172814,,1.0,2.0,-1.0881733518816006
1.0,1.0,8,AdaptiveLassoCV (fixed),adaptive_lasso_cv,True,1.6118392047019734,0.8934046609199738,1.0,1.0,0.0,1.0,1.0,0.98,10,1.0,1.0,0,0.8332271575927734,0.03856620421163472,,1.0,2.0,-1.2389609453292143
1.0,1.0,9,AdaptiveLassoCV (fixed),adaptive_lasso_cv,True,1.701940198946219,0.8987271888926309,0.7142857142857143,1.0,0.4444444444444444,0.5555555555555556,1.0,0.964,18,0.7142857142857143,0.984,0,0.9461095333099365,0.017433288221999892,,1.0,1.0,-1.431956453555877
1.0,1.0,10,AdaptiveLassoCV (fixed),adaptive_lasso_cv,True,1.2721630613797033,0.9058544912528024,1.0,1.0,0.0,1.0,1.0,0.98,10,1.0,1.0,0,0.8011460304260254,0.05736152510448681,,1.0,2.0,-1.1195537304250722
1.0,1.0,11,AdaptiveLassoCV (fixed),adaptive_lasso_cv,True,1.343359913060684,0.8782798905102592,1.0,1.0,0.0,1.0,1.0,0.98,10,1.0,1.0,0,0.862612247467041,0.08531678524172814,,1.0,2.0,-1.1280554106068508
1.0,1.0,12,AdaptiveLassoCV (fixed),adaptive_lasso_cv,True,1.4310974745680045,0.921168948988561,1.0,1.0,0.0,1.0,1.0,0.98,10,1.0,1.0,0,0.8966002464294434,0.05736152510448681,,1.0,2.0,-1.2701843436401383
1.0,1.0,13,AdaptiveLassoCV (fixed),adaptive_lasso_cv,True,0.7685309174405781,0.9568189246753253,0.9090909090909091,1.0,0.16666666666666666,0.8333333333333334,1.0,0.976,12,0.9090909090909091,0.996,0,0.7829489707946777,0.02592943797404667,,1.0,1.0,-1.0541745541347667
1.0,1.0,14,AdaptiveLassoCV (fixed),adaptive_lasso_cv,True,1.1825157331566976,0.9066718889040065,1.0,1.0,0.0,1.0,1.0,0.98,10,1.0,1.0,0,0.8611993789672852,0.03856620421163472,,1.0,2.0,-1.3733548750136135
1.0,1.0,15,AdaptiveLassoCV (fixed),adaptive_lasso_cv,True,1.2191984668702858,0.9179296881745229,1.0,1.0,0.0,1.0,1.0,0.98,10,1.0,1.0,0,0.8660061359405518,0.05736152510448681,,1.0,2.0,-1.3873266005031937
1.0,1.0,16,AdaptiveLassoCV (fixed),adaptive_lasso_cv,True,1.5968482191614455,0.8906483154049039,1.0,1.0,0.0,1.0,1.0,0.98,10,1.0,1.0,0,0.8285214900970459,0.05736152510448681,,1.0,2.0,-1.3542103731399096
1.0,1.0,17,AdaptiveLassoCV (fixed),adaptive_lasso_cv,True,1.603056387760575,0.8823030909769071,1.0,1.0,0.0,1.0,1.0,0.98,10,1.0,1.0,0,0.928917407989502,0.05736152510448681,,1.0,2.0,-1.4561819794024058
1.0,1.0,18,AdaptiveLassoCV (fixed),adaptive_lasso_cv,True,1.1918501091170794,0.9241683579221139,1.0,1.0,0.0,1.0,1.0,0.98,10,1.0,1.0,0,0.8547744750976562,0.03856620421163472,,1.0,2.0,-1.211050631832677
1.0,1.0,19,AdaptiveLassoCV (fixed),adaptive_lasso_cv,True,0.9702599459922367,0.9486165928262318,1.0,1.0,0.0,1.0,1.0,0.98,10,1.0,1.0,0,0.9353811740875244,0.03856620421163472,,1.0,2.0,-1.3044588569574442
2.0,0.5,0,AdaptiveLassoCV (fixed),adaptive_lasso_cv,True,4.42112103889785,0.7701171340676973,0.22988505747126434,1.0,0.8701298701298701,0.12987012987012986,1.0,0.846,77,0.22988505747126434,0.866,0,1.143127202987671,0.017433288221999892,,1.0,1.0,-4.802273785328653
2.0,0.5,1,AdaptiveLassoCV (fixed),adaptive_lasso_cv,True,5.7837167691755536,0.6464865927672281,1.0,1.0,0.0,1.0,1.0,0.98,10,1.0,1.0,0,1.1248321533203125,0.03856620421163472,,1.0,2.0,-4.546356076308052
2.0,0.5,2,AdaptiveLassoCV (fixed),adaptive_lasso_cv,True,3.2391431962828685,0.8376502315521888,0.8695652173913044,1.0,0.23076923076923078,0.7692307692307693,1.0,0.974,13,0.8695652173913044,0.994,0,1.18027925491333,0.02592943797404667,,1.0,2.0,-4.187676377855359
2.0,0.5,3,AdaptiveLassoCV (fixed),adaptive_lasso_cv,True,3.615387239662287,0.7764622992313621,0.8,1.0,0.3333333333333333,0.6666666666666666,1.0,0.97,15,0.8,0.99,0,1.230391025543213,0.02592943797404667,,1.0,2.0,-5.735311234672962
2.0,0.5,4,AdaptiveLassoCV (fixed),adaptive_lasso_cv,True,2.9972094065246413,0.8552533307515346,0.9523809523809523,1.0,0.09090909090909091,0.9090909090909091,1.0,0.978,11,0.9523809523809523,0.998,0,1.075667142868042,0.02592943797404667,,1.0,2.0,-5.610664588411915
2.0,0.5,5,AdaptiveLassoCV (fixed),adaptive_lasso_cv,True,6.659705950302123,0.6180352165213132,0.13333333333333333,1.0,0.9285714285714286,0.07142857142857142,1.0,0.72,140,0.13333333333333333,0.74,0,1.2417550086975098,0.007880462815669913,,1.0,1.0,-5.313356892134889
2.0,0.5,6,AdaptiveLassoCV (fixed),adaptive_lasso_cv,True,6.377418232501612,0.6699343018115664,1.0,1.0,0.0,1.0,1.0,0.98,10,1.0,1.0,0,1.1696510314941406,0.03856620421163472,,1.0,2.0,-5.156986847006587
2.0,0.5,7,AdaptiveLassoCV (fixed),adaptive_lasso_cv,True,3.2246091755090953,0.8154545213143014,0.9523809523809523,1.0,0.09090909090909091,0.9090909090909091,1.0,0.978,11,0.9523809523809523,0.998,0,1.082280158996582,0.02592943797404667,,1.0,2.0,-4.751073571432053
2.0,0.5,8,AdaptiveLassoCV (fixed),adaptive_lasso_cv,True,5.336527050741776,0.7357665574616955,0.9523809523809523,1.0,0.09090909090909091,0.9090909090909091,1.0,0.978,11,0.9523809523809523,0.998,0,1.0981662273406982,0.02592943797404667,,1.0,2.0,-4.633774602425238
2.0,0.5,9,AdaptiveLassoCV (fixed),adaptive_lasso_cv,True,6.306875591593737,0.6764957372158502,0.8695652173913044,1.0,0.23076923076923078,0.7692307692307693,1.0,0.974,13,0.8695652173913044,0.994,0,1.2162425518035889,0.02592943797404667,,1.0,2.0,-5.765874430624186
2.0,0.5,10,AdaptiveLassoCV (fixed),adaptive_lasso_cv,True,5.062396310240198,0.6808115833697692,0.8695652173913044,1.0,0.23076923076923078,0.7692307692307693,1.0,0.974,13,0.8695652173913044,0.994,0,1.0891783237457275,0.02592943797404667,,1.0,2.0,-4.60338137168245
2.0,0.5,11,AdaptiveLassoCV (fixed),adaptive_lasso_cv,True,3.251609858400482,0.7743944419449809,1.0,1.0,0.0,1.0,1.0,0.98,10,1.0,1.0,0,1.2168283462524414,0.03856620421163472,,1.0,2.0,-4.529414658694657
2.0,0.5,12,AdaptiveLassoCV (fixed),adaptive_lasso_cv,True,4.664747455538551,0.786030166249275,1.0,1.0,0.0,1.0,1.0,0.98,10,1.0,1.0,0,1.1357839107513428,0.03856620421163472,,1.0,2.0,-5.185204681371287
2.0,0.5,13,AdaptiveLassoCV (fixed),adaptive_lasso_cv,True,3.7618169623744646,0.8147206601106874,1.0,1.0,0.0,1.0,1.0,0.98,10,1.0,1.0,0,1.1625299453735352,0.03856620421163472,,1.0,2.0,-4.035247491729
2.0,0.5,14,AdaptiveLassoCV (fixed),adaptive_lasso_cv,True,4.069355420321369,0.7416578304036858,0.9090909090909091,1.0,0.16666666666666666,0.8333333333333334,1.0,0.976,12,0.9090909090909091,0.996,0,1.1004912853240967,0.02592943797404667,,1.0,2.0,-4.752915192135737
2.0,0.5,15,AdaptiveLassoCV (fixed),adaptive_lasso_cv,True,3.9974481759820617,0.7533844245737167,0.8695652173913044,1.0,0.23076923076923078,0.7692307692307693,1.0,0.974,13,0.8695652173913044,0.994,0,1.1575915813446045,0.02592943797404667,,1.0,2.0,-6.159862260360713
2.0,0.5,16,AdaptiveLassoCV (fixed),adaptive_lasso_cv,True,4.940186809226884,0.7316286344402436,0.9523809523809523,1.0,0.09090909090909091,0.9090909090909091,1.0,0.978,11,0.9523809523809523,0.998,0,1.0846314430236816,0.02592943797404667,,1.0,2.0,-4.908346514214666
2.0,0.5,17,AdaptiveLassoCV (fixed),adaptive_lasso_cv,True,4.316398280705875,0.731585315223275,0.8695652173913044,1.0,0.23076923076923078,0.7692307692307693,1.0,0.974,13,0.8695652173913044,0.994,0,1.1164870262145996,0.03856620421163472,,1.0,2.0,-5.593308426031702
2.0,0.5,18,AdaptiveLassoCV (fixed),adaptive_lasso_cv,True,4.411543759446525,0.7561983179593388,0.8695652173913044,1.0,0.23076923076923078,0.7692307692307693,1.0,0.974,13,0.8695652173913044,0.994,0,1.1260221004486084,0.02592943797404667,,1.0,2.0,-4.4677145250303045
2.0,0.5,19,AdaptiveLassoCV (fixed),adaptive_lasso_cv,True,3.632139392029087,0.8234634297833878,0.6666666666666666,1.0,0.5,0.5,1.0,0.96,20,0.6666666666666666,0.98,0,1.199347734451294,0.017433288221999892,,1.0,2.0,-5.22050429195866
3.0,0.33,0,AdaptiveLassoCV (fixed),adaptive_lasso_cv,True,9.247165353845867,0.6083909148004126,0.5,1.0,0.6666666666666666,0.3333333333333333,1.0,0.94,30,0.5,0.96,0,1.4023244380950928,0.02592943797404667,,1.0,2.0,-11.517638358653265
3.0,0.33,1,AdaptiveLassoCV (fixed),adaptive_lasso_cv,True,15.004212799636157,0.3393833322219685,0.5555555555555556,1.0,0.6153846153846154,0.38461538461538464,1.0,0.948,26,0.5555555555555556,0.968,0,1.3146424293518066,0.02592943797404667,,1.0,2.0,-10.61926788624589
3.0,0.33,2,AdaptiveLassoCV (fixed),adaptive_lasso_cv,True,8.615390648893804,0.6495858206037662,0.3448275862068966,1.0,0.7916666666666666,0.20833333333333334,1.0,0.904,48,0.3448275862068966,0.924,0,1.2870001792907715,0.011721022975334805,,1.0,2.0,-9.7991104415869
3.0,0.33,3,AdaptiveLassoCV (fixed),adaptive_lasso_cv,True,10.387941296807588,0.4444322347726051,0.25316455696202533,1.0,0.855072463768116,0.14492753623188406,1.0,0.862,69,0.25316455696202533,0.882,0,1.5275955200195312,0.011721022975334805,,1.0,2.0,-13.845888822043346
3.0,0.33,4,AdaptiveLassoCV (fixed),adaptive_lasso_cv,True,9.500886399082017,0.6014054802051534,0.25641025641025644,1.0,0.8529411764705882,0.14705882352941177,1.0,0.864,68,0.25641025641025644,0.884,0,1.3659355640411377,0.011721022975334805,,1.0,2.0,-13.412148202804696
3.0,0.33,5,AdaptiveLassoCV (fixed),adaptive_lasso_cv,True,13.162093054880808,0.44475897647069373,0.32258064516129037,1.0,0.8076923076923077,0.19230769230769232,1.0,0.896,52,0.32258064516129037,0.916,0,1.469581127166748,0.011721022975334805,,1.0,2.0,-12.318641115811117
3.0,0.33,6,AdaptiveLassoCV (fixed),adaptive_lasso_cv,True,13.251111916595448,0.48166538168271644,0.5625000000000001,0.9,0.5909090909090909,0.4090909090909091,0.9,0.956,22,0.5625000000000001,0.972,0,1.362640619277954,0.02592943797404667,,1.0,2.0,-11.695039435383723
3.0,0.33,7,AdaptiveLassoCV (fixed),adaptive_lasso_cv,True,8.276489224671359,0.6184406681019833,0.39999999999999997,0.9,0.7428571428571429,0.2571428571428571,0.9,0.9299999999999999,35,0.39999999999999997,0.946,0,1.4361200332641602,0.017433288221999892,,1.0,2.0,-10.061174523117675
3.0,0.33,8,AdaptiveLassoCV (fixed),adaptive_lasso_cv,True,14.036421620699098,0.48965806713303395,0.3389830508474576,1.0,0.7959183673469388,0.20408163265306123,1.0,0.902,49,0.3389830508474576,0.922,0,1.2705965042114258,0.011721022975334805,,1.0,2.0,-10.716376789942581
3.0,0.33,9,AdaptiveLassoCV (fixed),adaptive_lasso_cv,True,16.944730267482544,0.31392697436899475,0.2857142857142857,1.0,0.8333333333333334,0.16666666666666666,1.0,0.88,60,0.2857142857142857,0.9,0,1.4680156707763672,0.011721022975334805,,1.0,2.0,-13.375494939580932
3.0,0.33,10,AdaptiveLassoCV (fixed),adaptive_lasso_cv,True,12.192220631408224,0.40293312984625096,0.625,1.0,0.5454545454545454,0.45454545454545453,1.0,0.956,22,0.625,0.976,0,1.3752775192260742,0.02592943797404667,,1.0,2.0,-10.241250803502332
3.0,0.33,11,AdaptiveLassoCV (fixed),adaptive_lasso_cv,True,8.086644303484915,0.5805308058601679,0.2857142857142857,1.0,0.8333333333333334,0.16666666666666666,1.0,0.88,60,0.2857142857142857,0.9,0,1.4807722568511963,0.011721022975334805,,1.0,2.0,-11.051589544428932
3.0,0.33,12,AdaptiveLassoCV (fixed),adaptive_lasso_cv,True,9.655536057394979,0.6454871712305199,0.2702702702702703,1.0,0.84375,0.15625,1.0,0.872,64,0.2702702702702703,0.892,0,1.388869047164917,0.011721022975334805,,1.0,2.0,-12.631633026457589
3.0,0.33,13,AdaptiveLassoCV (fixed),adaptive_lasso_cv,True,8.343799700157776,0.6547225759227181,0.7142857142857143,1.0,0.4444444444444444,0.5555555555555556,1.0,0.964,18,0.7142857142857143,0.984,0,1.3641276359558105,0.02592943797404667,,1.0,2.0,-9.671168350860933
3.0,0.33,14,AdaptiveLassoCV (fixed),adaptive_lasso_cv,True,9.606417147812852,0.5347942895325095,0.47619047619047616,1.0,0.6875,0.3125,1.0,0.9359999999999999,32,0.47619047619047616,0.956,0,1.353663682937622,0.02592943797404667,,1.0,2.0,-10.555382710523736
3.0,0.33,15,AdaptiveLassoCV (fixed),adaptive_lasso_cv,True,15.653811442963576,0.18781252234560286,0.1956521739130435,0.9,0.8902439024390244,0.10975609756097561,0.9,0.836,82,0.1956521739130435,0.852,0,1.4316270351409912,0.007880462815669913,,1.0,2.0,-14.584935106559993
3.0,0.33,16,AdaptiveLassoCV (fixed),adaptive_lasso_cv,True,11.368332045987824,0.531085847598744,0.2857142857142857,1.0,0.8333333333333334,0.16666666666666666,1.0,0.88,60,0.2857142857142857,0.9,0,1.453805923461914,0.011721022975334805,,1.0,2.0,-11.637524280580632
3.0,0.33,17,AdaptiveLassoCV (fixed),adaptive_lasso_cv,True,9.747014816461753,0.5212316737522962,0.33333333333333337,1.0,0.8,0.2,1.0,0.9,50,0.33333333333333337,0.92,0,1.3352901935577393,0.017433288221999892,,1.0,2.0,-14.345308844288642
3.0,0.33,18,AdaptiveLassoCV (fixed),adaptive_lasso_cv,True,10.420720735849946,0.5383698532991807,0.4347826086956522,1.0,0.7222222222222222,0.2777777777777778,1.0,0.928,36,0.4347826086956522,0.948,0,1.472327470779419,0.017433288221999892,,1.0,2.0,-10.26527636195999
3.0,0.33,19,AdaptiveLassoCV (fixed),adaptive_lasso_cv,True,10.051328093219476,0.5800390280446065,0.27397260273972607,1.0,0.8412698412698413,0.15873015873015872,1.0,0.874,63,0.27397260273972607,0.894,0,1.6053588390350342,0.011721022975334805,,1.0,2.0,-11.913642713649233
0.5,2.0,0,LassoCV,lasso_cv,True,0.2807043398088457,0.9822771468672362,0.4347826086956522,1.0,0.7222222222222222,0.2777777777777778,1.0,0.928,36,0.4347826086956522,0.948,0,1.7325036525726318,0.05736152510448681,,1.0,,
0.5,2.0,1,LassoCV,lasso_cv,True,0.4033253250735283,0.9662396840344355,0.4081632653061224,1.0,0.7435897435897436,0.2564102564102564,1.0,0.922,39,0.4081632653061224,0.942,0,1.567575454711914,0.05736152510448681,,1.0,,
0.5,2.0,2,LassoCV,lasso_cv,True,0.22882483864124212,0.9855746927520221,0.8,1.0,0.3333333333333333,0.6666666666666666,1.0,0.97,15,0.8,0.99,0,1.529991626739502,0.08531678524172814,,1.0,,
0.5,2.0,3,LassoCV,lasso_cv,True,0.25004804537018066,0.9838543068755006,0.7407407407407407,1.0,0.4117647058823529,0.5882352941176471,1.0,0.966,17,0.7407407407407407,0.986,0,1.8768980503082275,0.08531678524172814,,1.0,,
0.5,2.0,4,LassoCV,lasso_cv,True,0.24763518689971598,0.986710330711631,0.7407407407407407,1.0,0.4117647058823529,0.5882352941176471,1.0,0.966,17,0.7407407407407407,0.986,0,1.847954273223877,0.08531678524172814,,1.0,,
0.5,2.0,5,LassoCV,lasso_cv,True,0.35551677199195925,0.9718607898898525,0.8,1.0,0.3333333333333333,0.6666666666666666,1.0,0.97,15,0.8,0.99,0,1.6916100978851318,0.08531678524172814,,1.0,,
0.5,2.0,6,LassoCV,lasso_cv,True,0.3921032986477201,0.9724423048201113,0.37735849056603776,1.0,0.7674418604651163,0.23255813953488372,1.0,0.914,43,0.37735849056603776,0.934,0,1.7025716304779053,0.05736152510448681,,1.0,,
0.5,2.0,7,LassoCV,lasso_cv,True,0.25427111511473355,0.981871850430165,0.8333333333333333,1.0,0.2857142857142857,0.7142857142857143,1.0,0.972,14,0.8333333333333333,0.992,0,1.606821060180664,0.08531678524172814,,1.0,,
0.5,2.0,8,LassoCV,lasso_cv,True,0.3844594316537121,0.9713533130370794,0.8,1.0,0.3333333333333333,0.6666666666666666,1.0,0.97,15,0.8,0.99,0,1.6662476062774658,0.08531678524172814,,1.0,,
0.5,2.0,9,LassoCV,lasso_cv,True,0.39949895967659393,0.9756443879876525,0.8333333333333333,1.0,0.2857142857142857,0.7142857142857143,1.0,0.972,14,0.8333333333333333,0.992,0,1.6144635677337646,0.08531678524172814,,1.0,,
0.5,2.0,10,LassoCV,lasso_cv,True,0.3117959716315189,0.9763229121361263,0.7407407407407407,1.0,0.4117647058823529,0.5882352941176471,1.0,0.966,17,0.7407407407407407,0.986,0,1.6382205486297607,0.08531678524172814,,1.0,,
0.5,2.0,11,LassoCV,lasso_cv,True,0.24091545433237124,0.9756816077478748,0.7692307692307693,1.0,0.375,0.625,1.0,0.968,16,0.7692307692307693,0.988,0,1.5238282680511475,0.08531678524172814,,1.0,,
0.5,2.0,12,LassoCV,lasso_cv,True,0.33082299015748123,0.9805410192418237,0.8333333333333333,1.0,0.2857142857142857,0.7142857142857143,1.0,0.972,14,0.8333333333333333,0.992,0,1.8636345863342285,0.08531678524172814,,1.0,,
0.5,2.0,13,LassoCV,lasso_cv,True,0.3555994466835042,0.9791482466254703,0.8695652173913044,1.0,0.23076923076923078,0.7692307692307693,1.0,0.974,13,0.8695652173913044,0.994,0,1.6046061515808105,0.08531678524172814,,1.0,,
0.5,2.0,14,LassoCV,lasso_cv,True,0.2867095080027424,0.9757255308959597,0.4444444444444445,1.0,0.7142857142857143,0.2857142857142857,1.0,0.9299999999999999,35,0.4444444444444445,0.95,0,1.9145278930664062,0.05736152510448681,,1.0,,
0.5,2.0,15,LassoCV,lasso_cv,True,0.2699598711708109,0.9817843430643133,0.625,1.0,0.5454545454545454,0.45454545454545453,1.0,0.956,22,0.625,0.976,0,1.7294368743896484,0.08531678524172814,,1.0,,
0.5,2.0,16,LassoCV,lasso_cv,True,0.33152002643758927,0.9753733280331223,0.7407407407407407,1.0,0.4117647058823529,0.5882352941176471,1.0,0.966,17,0.7407407407407407,0.986,0,2.007405996322632,0.08531678524172814,,1.0,,
0.5,2.0,17,LassoCV,lasso_cv,True,0.328957195921484,0.9748330199391155,0.625,1.0,0.5454545454545454,0.45454545454545453,1.0,0.956,22,0.625,0.976,0,1.6810998916625977,0.08531678524172814,,1.0,,
0.5,2.0,18,LassoCV,lasso_cv,True,0.2841252428830352,0.981449276176701,0.4651162790697675,1.0,0.696969696969697,0.30303030303030304,1.0,0.9339999999999999,33,0.4651162790697675,0.954,0,1.6412627696990967,0.05736152510448681,,1.0,,
0.5,2.0,19,LassoCV,lasso_cv,True,0.24671899476665524,0.9867798532046749,0.8,1.0,0.3333333333333333,0.6666666666666666,1.0,0.97,15,0.8,0.99,0,1.7214620113372803,0.08531678524172814,,1.0,,
1.0,1.0,0,LassoCV,lasso_cv,True,1.144972559464429,0.9308004346353921,0.5128205128205129,1.0,0.6551724137931034,0.3448275862068966,1.0,0.942,29,0.5128205128205129,0.962,0,2.1866331100463867,0.12689610031679233,,1.0,,
1.0,1.0,1,LassoCV,lasso_cv,True,1.6292027789207393,0.8720810968663821,0.4651162790697675,1.0,0.696969696969697,0.30303030303030304,1.0,0.9339999999999999,33,0.4651162790697675,0.954,0,1.9979383945465088,0.12689610031679233,,1.0,,
1.0,1.0,2,LassoCV,lasso_cv,True,0.9542760380564556,0.9433460785457437,0.8695652173913044,1.0,0.23076923076923078,0.7692307692307693,1.0,0.974,13,0.8695652173913044,0.994,0,1.8418793678283691,0.18873918221350977,,1.0,,
1.0,1.0,3,LassoCV,lasso_cv,True,1.0194385466754023,0.9333808308482965,0.7692307692307693,1.0,0.375,0.625,1.0,0.968,16,0.7692307692307693,0.988,0,2.265263080596924,0.18873918221350977,,1.0,,
1.0,1.0,4,LassoCV,lasso_cv,True,0.8832269419006117,0.9534534923933088,0.4347826086956522,1.0,0.7222222222222222,0.2777777777777778,1.0,0.928,36,0.4347826086956522,0.948,0,2.536153554916382,0.12689610031679233,,1.0,,
1.0,1.0,5,LassoCV,lasso_cv,True,1.449469114709583,0.8935841756355807,0.8,1.0,0.3333333333333333,0.6666666666666666,1.0,0.97,15,0.8,0.99,0,2.175816535949707,0.18873918221350977,,1.0,,
1.0,1.0,6,LassoCV,lasso_cv,True,1.5663927755883367,0.8979991176586972,0.4255319148936171,1.0,0.7297297297297297,0.2702702702702703,1.0,0.926,37,0.4255319148936171,0.946,0,2.4618301391601562,0.12689610031679233,,1.0,,
1.0,1.0,7,LassoCV,lasso_cv,True,1.0730009206349975,0.9274572390163875,0.9523809523809523,1.0,0.09090909090909091,0.9090909090909091,1.0,0.978,11,0.9523809523809523,0.998,0,2.390796661376953,0.18873918221350977,,1.0,,
1.0,1.0,8,LassoCV,lasso_cv,True,1.5989873101719132,0.8942545918878124,0.9090909090909091,1.0,0.16666666666666666,0.8333333333333334,1.0,0.976,12,0.9090909090909091,0.996,0,2.2389345169067383,0.18873918221350977,,1.0,,
1.0,1.0,9,LassoCV,lasso_cv,True,1.6187865332499227,0.9036751920505329,0.8695652173913044,1.0,0.23076923076923078,0.7692307692307693,1.0,0.974,13,0.8695652173913044,0.994,0,2.219405174255371,0.18873918221350977,,1.0,,
1.0,1.0,10,LassoCV,lasso_cv,True,1.2600049160423923,0.9067542460192725,0.8695652173913044,1.0,0.23076923076923078,0.7692307692307693,1.0,0.974,13,0.8695652173913044,0.994,0,2.1357550621032715,0.18873918221350977,,1.0,,
1.0,1.0,11,LassoCV,lasso_cv,True,0.8941564439681348,0.9189816376068666,0.5405405405405406,1.0,0.6296296296296297,0.37037037037037035,1.0,0.946,27,0.5405405405405406,0.966,0,2.118190050125122,0.12689610031679233,,1.0,,
1.0,1.0,12,LassoCV,lasso_cv,True,1.381567865304071,0.9238972545190005,0.9523809523809523,1.0,0.09090909090909091,0.9090909090909091,1.0,0.978,11,0.9523809523809523,0.998,0,2.280127763748169,0.18873918221350977,,1.0,,
1.0,1.0,13,LassoCV,lasso_cv,True,1.506590635439317,0.9153499199108216,0.9523809523809523,1.0,0.09090909090909091,0.9090909090909091,1.0,0.978,11,0.9523809523809523,0.998,0,2.1809911727905273,0.18873918221350977,,1.0,,
1.0,1.0,14,LassoCV,lasso_cv,True,1.1244723762606887,0.9112528654685333,0.5,1.0,0.6666666666666666,0.3333333333333333,1.0,0.94,30,0.5,0.96,0,2.1966779232025146,0.12689610031679233,,1.0,,
1.0,1.0,15,LassoCV,lasso_cv,True,1.086062232467389,0.9268917501928293,0.7692307692307693,1.0,0.375,0.625,1.0,0.968,16,0.7692307692307693,0.988,0,2.5108089447021484,0.18873918221350977,,1.0,,
1.0,1.0,16,LassoCV,lasso_cv,True,1.354890748921778,0.9072174900162328,0.8,1.0,0.3333333333333333,0.6666666666666666,1.0,0.97,15,0.8,0.99,0,2.6405956745147705,0.18873918221350977,,1.0,,
1.0,1.0,17,LassoCV,lasso_cv,True,1.363229832460817,0.8999112328214179,0.8,1.0,0.3333333333333333,0.6666666666666666,1.0,0.97,15,0.8,0.99,0,2.3139870166778564,0.18873918221350977,,1.0,,
1.0,1.0,18,LassoCV,lasso_cv,True,1.1424818038196525,0.9273094237563736,0.5555555555555556,1.0,0.6153846153846154,0.38461538461538464,1.0,0.948,26,0.5555555555555556,0.968,0,2.2371609210968018,0.12689610031679233,,1.0,,
1.0,1.0,19,LassoCV,lasso_cv,True,1.0201229216852106,0.9459759297817447,0.8,1.0,0.3333333333333333,0.6666666666666666,1.0,0.97,15,0.8,0.99,0,2.4343039989471436,0.18873918221350977,,1.0,,
2.0,0.5,0,LassoCV,lasso_cv,True,4.7102341606079685,0.7550842606374949,0.625,1.0,0.5454545454545454,0.45454545454545453,1.0,0.956,22,0.625,0.976,0,3.5235860347747803,0.28072162039411785,,1.0,,
2.0,0.5,1,LassoCV,lasso_cv,True,6.613165283053195,0.5957888871278765,0.5263157894736842,1.0,0.6428571428571429,0.35714285714285715,1.0,0.944,28,0.5263157894736842,0.964,0,3.029933452606201,0.28072162039411785,,1.0,,
2.0,0.5,2,LassoCV,lasso_cv,True,3.9968745854988517,0.7996718193208234,0.9523809523809523,1.0,0.09090909090909091,0.9090909090909091,1.0,0.978,11,0.9523809523809523,0.998,0,2.925238847732544,0.41753189365604043,,1.0,,
2.0,0.5,3,LassoCV,lasso_cv,True,4.205197363040209,0.7399946153762067,0.8333333333333333,1.0,0.2857142857142857,0.7142857142857143,1.0,0.972,14,0.8333333333333333,0.992,0,3.662001848220825,0.41753189365604043,,1.0,,
2.0,0.5,4,LassoCV,lasso_cv,True,3.6464741750107237,0.8238978597276705,0.5405405405405406,1.0,0.6296296296296297,0.37037037037037035,1.0,0.946,27,0.5405405405405406,0.966,0,3.056811571121216,0.28072162039411785,,1.0,,
2.0,0.5,5,LassoCV,lasso_cv,True,5.9327769168473425,0.65972794183681,0.9090909090909091,1.0,0.16666666666666666,0.8333333333333334,1.0,0.976,12,0.9090909090909091,0.996,0,3.0714111328125,0.41753189365604043,,1.0,,
2.0,0.5,6,LassoCV,lasso_cv,True,6.325364391367757,0.6726283680921303,0.5405405405405406,1.0,0.6296296296296297,0.37037037037037035,1.0,0.946,27,0.5405405405405406,0.966,0,3.4119858741760254,0.28072162039411785,,1.0,,
2.0,0.5,7,LassoCV,lasso_cv,True,3.8133269879726868,0.7817620008882444,0.5714285714285715,1.0,0.6,0.4,1.0,0.95,25,0.5714285714285715,0.97,0,3.0877685546875,0.28072162039411785,,1.0,,
2.0,0.5,8,LassoCV,lasso_cv,True,6.632387796402613,0.671603152569253,0.9523809523809523,1.0,0.09090909090909091,0.9090909090909091,1.0,0.978,11,0.9523809523809523,0.998,0,3.453275203704834,0.41753189365604043,,1.0,,
2.0,0.5,9,LassoCV,lasso_cv,True,6.642469636242322,0.6592818089510377,0.9523809523809523,1.0,0.09090909090909091,0.9090909090909091,1.0,0.978,11,0.9523809523809523,0.998,0,3.4208619594573975,0.41753189365604043,,1.0,,
2.0,0.5,10,LassoCV,lasso_cv,True,5.131392627971343,0.6764613065324198,0.9523809523809523,1.0,0.09090909090909091,0.9090909090909091,1.0,0.978,11,0.9523809523809523,0.998,0,3.242995023727417,0.41753189365604043,,1.0,,
2.0,0.5,11,LassoCV,lasso_cv,True,3.6426261260246986,0.7472646671234262,0.5882352941176471,1.0,0.5833333333333334,0.4166666666666667,1.0,0.952,24,0.5882352941176471,0.972,0,3.2586796283721924,0.28072162039411785,,1.0,,
2.0,0.5,12,LassoCV,lasso_cv,True,5.796246531057305,0.734128820809794,1.0,1.0,0.0,1.0,1.0,0.98,10,1.0,1.0,0,3.3199069499969482,0.41753189365604043,,1.0,,
2.0,0.5,13,LassoCV,lasso_cv,True,5.2523430036231105,0.7413083479826501,0.6451612903225806,1.0,0.5238095238095238,0.47619047619047616,1.0,0.958,21,0.6451612903225806,0.978,0,3.7808194160461426,0.28072162039411785,,1.0,,
2.0,0.5,14,LassoCV,lasso_cv,True,4.785850535198789,0.6961712893268743,0.3508771929824561,1.0,0.7872340425531915,0.2127659574468085,1.0,0.906,47,0.3508771929824561,0.926,0,3.338022470474243,0.18873918221350977,,1.0,,
2.0,0.5,15,LassoCV,lasso_cv,True,4.4088767969194285,0.7280020552139479,0.9090909090909091,1.0,0.16666666666666666,0.8333333333333334,1.0,0.976,12,0.9090909090909091,0.996,0,3.506903886795044,0.41753189365604043,,1.0,,
2.0,0.5,16,LassoCV,lasso_cv,True,5.169006594783282,0.7191981979631925,0.5263157894736842,1.0,0.6428571428571429,0.35714285714285715,1.0,0.944,28,0.5263157894736842,0.964,0,3.464236259460449,0.28072162039411785,,1.0,,
2.0,0.5,17,LassoCV,lasso_cv,True,5.634691129144304,0.6496074400724337,0.8695652173913044,1.0,0.23076923076923078,0.7692307692307693,1.0,0.974,13,0.8695652173913044,0.994,0,3.7846124172210693,0.41753189365604043,,1.0,,
2.0,0.5,18,LassoCV,lasso_cv,True,4.6254273872473375,0.7443781499949755,0.625,1.0,0.5454545454545454,0.45454545454545453,1.0,0.956,22,0.625,0.976,0,2.951909065246582,0.28072162039411785,,1.0,,
2.0,0.5,19,LassoCV,lasso_cv,True,3.7497408796501164,0.817747524903044,0.5882352941176471,1.0,0.5833333333333334,0.4166666666666667,1.0,0.952,24,0.5882352941176471,0.972,0,3.5337026119232178,0.28072162039411785,,1.0,,
3.0,0.33,0,LassoCV,lasso_cv,True,10.570233389374005,0.5523601807079913,0.6060606060606061,1.0,0.5652173913043478,0.43478260869565216,1.0,0.954,23,0.6060606060606061,0.974,0,4.7814531326293945,0.41753189365604043,,1.0,,
3.0,0.33,1,LassoCV,lasso_cv,True,14.861687947267733,0.3456585226837746,0.5128205128205129,1.0,0.6551724137931034,0.3448275862068966,1.0,0.942,29,0.5128205128205129,0.962,0,4.4586522579193115,0.41753189365604043,,1.0,,
3.0,0.33,2,LassoCV,lasso_cv,True,8.952784155609503,0.635862999015336,0.8695652173913044,1.0,0.23076923076923078,0.7692307692307693,1.0,0.974,13,0.8695652173913044,0.994,0,3.471508741378784,0.6210169418915616,,1.0,,
3.0,0.33,3,LassoCV,lasso_cv,True,9.434402280006873,0.49542939826099575,0.8333333333333333,1.0,0.2857142857142857,0.7142857142857143,1.0,0.972,14,0.8333333333333333,0.992,0,4.813268184661865,0.6210169418915616,,1.0,,
3.0,0.33,4,LassoCV,lasso_cv,True,8.182989190975107,0.6566957534216712,0.5263157894736842,1.0,0.6428571428571429,0.35714285714285715,1.0,0.944,28,0.5263157894736842,0.964,0,4.174474000930786,0.41753189365604043,,1.0,,
3.0,0.33,5,LassoCV,lasso_cv,True,13.319639972629508,0.4381128821527207,0.9090909090909091,1.0,0.16666666666666666,0.8333333333333334,1.0,0.976,12,0.9090909090909091,0.996,0,4.311530828475952,0.6210169418915616,,1.0,,
3.0,0.33,6,LassoCV,lasso_cv,True,14.214526144517214,0.4439801708676251,0.5405405405405406,1.0,0.6296296296296297,0.37037037037037035,1.0,0.946,27,0.5405405405405406,0.966,0,4.8660218715667725,0.41753189365604043,,1.0,,
3.0,0.33,7,LassoCV,lasso_cv,True,8.566552595261633,0.6050682848503266,0.5714285714285715,1.0,0.6,0.4,1.0,0.95,25,0.5714285714285715,0.97,0,4.367337942123413,0.41753189365604043,,1.0,,
3.0,0.33,8,LassoCV,lasso_cv,True,14.875849915396913,0.45913779138215727,0.9523809523809523,1.0,0.09090909090909091,0.9090909090909091,1.0,0.978,11,0.9523809523809523,0.998,0,4.429476737976074,0.6210169418915616,,1.0,,
3.0,0.33,9,LassoCV,lasso_cv,True,14.79115162891498,0.40112294557496564,0.9,0.9,0.1,0.9,0.9,0.98,10,0.9,0.996,0,5.012600421905518,0.6210169418915616,,1.0,,
3.0,0.33,10,LassoCV,lasso_cv,True,11.520650141090888,0.4358206983100672,0.9090909090909091,1.0,0.16666666666666666,0.8333333333333334,1.0,0.976,12,0.9090909090909091,0.996,0,4.412596940994263,0.6210169418915616,,1.0,,
3.0,0.33,11,LassoCV,lasso_cv,True,8.186167351794376,0.5753683613026994,0.5882352941176471,1.0,0.5833333333333334,0.4166666666666667,1.0,0.952,24,0.5882352941176471,0.972,0,4.487555503845215,0.41753189365604043,,1.0,,
3.0,0.33,12,LassoCV,lasso_cv,True,12.989626950111944,0.523072632387138,1.0,1.0,0.0,1.0,1.0,0.98,10,1.0,1.0,0,4.224641799926758,0.6210169418915616,,1.0,,
3.0,0.33,13,LassoCV,lasso_cv,True,11.78636002478916,0.5122648943107183,0.625,1.0,0.5454545454545454,0.45454545454545453,1.0,0.956,22,0.625,0.976,0,5.072696924209595,0.41753189365604043,,1.0,,
3.0,0.33,14,LassoCV,lasso_cv,True,10.787471641804313,0.477599886403429,0.3389830508474576,1.0,0.7959183673469388,0.20408163265306123,1.0,0.902,49,0.3389830508474576,0.922,0,4.253570079803467,0.28072162039411785,,1.0,,
3.0,0.33,15,LassoCV,lasso_cv,True,9.907377295719781,0.48596239290987,0.9090909090909091,1.0,0.16666666666666666,0.8333333333333334,1.0,0.976,12,0.9090909090909091,0.996,0,5.146993398666382,0.6210169418915616,,1.0,,
3.0,0.33,16,LassoCV,lasso_cv,True,11.618876095418177,0.5207515566840732,0.5128205128205129,1.0,0.6551724137931034,0.3448275862068966,1.0,0.942,29,0.5128205128205129,0.962,0,4.541436672210693,0.41753189365604043,,1.0,,
3.0,0.33,17,LassoCV,lasso_cv,True,12.353469352537145,0.3932039751003982,0.8181818181818182,0.9,0.25,0.75,0.9,0.976,12,0.8181818181818182,0.992,0,5.197458982467651,0.6210169418915616,,1.0,,
3.0,0.33,18,LassoCV,lasso_cv,True,10.393218817840578,0.539588167729347,0.625,1.0,0.5454545454545454,0.45454545454545453,1.0,0.956,22,0.625,0.976,0,4.237633228302002,0.41753189365604043,,1.0,,
3.0,0.33,19,LassoCV,lasso_cv,True,8.421200937492612,0.648148414026321,0.5714285714285715,1.0,0.6,0.4,1.0,0.95,25,0.5714285714285715,0.97,0,4.916749000549316,0.41753189365604043,,1.0,,
0.5,2.0,0,UnilassoCV,unilasso_cv,True,0.2597690315134502,0.9835989411596262,1.0,1.0,0.0,1.0,1.0,0.98,10,1.0,1.0,0,2.0691072940826416,,,1.0,,
0.5,2.0,1,UnilassoCV,unilasso_cv,True,0.38665486025685425,0.9676350840366574,0.8,1.0,0.3333333333333333,0.6666666666666666,1.0,0.97,15,0.8,0.99,0,1.0966696739196777,,,1.0,,
0.5,2.0,2,UnilassoCV,unilasso_cv,True,0.23634271423628625,0.9851007596512515,1.0,1.0,0.0,1.0,1.0,0.98,10,1.0,1.0,0,1.1313719749450684,,,1.0,,
0.5,2.0,3,UnilassoCV,unilasso_cv,True,0.25752899041619104,0.983371259536277,1.0,1.0,0.0,1.0,1.0,0.98,10,1.0,1.0,0,1.9937140941619873,,,1.0,,
0.5,2.0,4,UnilassoCV,unilasso_cv,True,0.377902696495603,0.9797193528008469,0.9523809523809523,1.0,0.09090909090909091,0.9090909090909091,1.0,0.978,11,0.9523809523809523,0.998,0,0.7423183917999268,,,1.0,,
0.5,2.0,5,UnilassoCV,unilasso_cv,True,0.3404849290001997,0.9730505626983698,1.0,1.0,0.0,1.0,1.0,0.98,10,1.0,1.0,0,1.6058952808380127,,,1.0,,
0.5,2.0,6,UnilassoCV,unilasso_cv,True,0.34576109605733996,0.9756993146370517,0.8333333333333333,1.0,0.2857142857142857,0.7142857142857143,1.0,0.972,14,0.8333333333333333,0.992,0,1.1152596473693848,,,1.0,,
0.5,2.0,7,UnilassoCV,unilasso_cv,True,0.20573238986566678,0.9853323979282446,1.0,1.0,0.0,1.0,1.0,0.98,10,1.0,1.0,0,1.3267767429351807,,,1.0,,
0.5,2.0,8,UnilassoCV,unilasso_cv,True,0.3735973703056082,0.972162662595426,1.0,1.0,0.0,1.0,1.0,0.98,10,1.0,1.0,0,0.5839943885803223,,,1.0,,
0.5,2.0,9,UnilassoCV,unilasso_cv,True,0.4827141619215631,0.9705711402849596,1.0,1.0,0.0,1.0,1.0,0.98,10,1.0,1.0,0,2.299055576324463,,,1.0,,
0.5,2.0,10,UnilassoCV,unilasso_cv,True,0.3238647083853095,0.9754064392932277,1.0,1.0,0.0,1.0,1.0,0.98,10,1.0,1.0,0,0.8750197887420654,,,1.0,,
0.5,2.0,11,UnilassoCV,unilasso_cv,True,0.19951675157119964,0.979860459184638,0.9523809523809523,1.0,0.09090909090909091,0.9090909090909091,1.0,0.978,11,0.9523809523809523,0.998,0,1.6393988132476807,,,1.0,,
0.5,2.0,12,UnilassoCV,unilasso_cv,True,0.2811122071490942,0.9834650033626782,1.0,1.0,0.0,1.0,1.0,0.98,10,1.0,1.0,0,1.318209171295166,,,1.0,,
0.5,2.0,13,UnilassoCV,unilasso_cv,True,0.1776381368811749,0.9895835984709673,1.0,1.0,0.0,1.0,1.0,0.98,10,1.0,1.0,0,1.5022814273834229,,,1.0,,
0.5,2.0,14,UnilassoCV,unilasso_cv,True,0.47473501342191826,0.9598062146728448,0.9090909090909091,1.0,0.16666666666666666,0.8333333333333334,1.0,0.976,12,0.9090909090909091,0.996,0,0.7674975395202637,,,1.0,,
0.5,2.0,15,UnilassoCV,unilasso_cv,True,0.26919872165278436,0.9818357019512359,1.0,1.0,0.0,1.0,1.0,0.98,10,1.0,1.0,0,1.0597269535064697,,,1.0,,
0.5,2.0,16,UnilassoCV,unilasso_cv,True,0.5158405059179175,0.9616812442283625,0.9090909090909091,1.0,0.16666666666666666,0.8333333333333334,1.0,0.976,12,0.9090909090909091,0.996,0,0.8921124935150146,,,1.0,,
0.5,2.0,17,UnilassoCV,unilasso_cv,True,0.35348258571605906,0.972956696807723,0.9090909090909091,1.0,0.16666666666666666,0.8333333333333334,1.0,0.976,12,0.9090909090909091,0.996,0,1.314713716506958,,,1.0,,
0.5,2.0,18,UnilassoCV,unilasso_cv,True,0.35051419008125034,0.9771146981860341,0.9090909090909091,1.0,0.16666666666666666,0.8333333333333334,1.0,0.976,12,0.9090909090909091,0.996,0,1.125990867614746,,,1.0,,
0.5,2.0,19,UnilassoCV,unilasso_cv,True,0.3073398378997502,0.9835315567132197,0.9523809523809523,1.0,0.09090909090909091,0.9090909090909091,1.0,0.978,11,0.9523809523809523,0.998,0,1.9550492763519287,,,1.0,,
1.0,1.0,0,UnilassoCV,unilasso_cv,True,0.9719257788102268,0.9412589927117679,0.9090909090909091,1.0,0.16666666666666666,0.8333333333333334,1.0,0.976,12,0.9090909090909091,0.996,0,4.054774045944214,,,1.0,,
1.0,1.0,1,UnilassoCV,unilasso_cv,True,1.4901334271966111,0.8830003017451256,0.7692307692307693,1.0,0.375,0.625,1.0,0.968,16,0.7692307692307693,0.988,0,3.690457582473755,,,1.0,,
1.0,1.0,2,UnilassoCV,unilasso_cv,True,0.8070700682269238,0.9520854737728368,0.9523809523809523,1.0,0.09090909090909091,0.9090909090909091,1.0,0.978,11,0.9523809523809523,0.998,0,1.4362685680389404,,,1.0,,
1.0,1.0,3,UnilassoCV,unilasso_cv,True,0.9252163167698536,0.939538148219117,0.9090909090909091,1.0,0.16666666666666666,0.8333333333333334,1.0,0.976,12,0.9090909090909091,0.996,0,1.8146495819091797,,,1.0,,
1.0,1.0,4,UnilassoCV,unilasso_cv,True,0.8520344451644342,0.9550973527849289,0.9523809523809523,1.0,0.09090909090909091,0.9090909090909091,1.0,0.978,11,0.9523809523809523,0.998,0,2.4020962715148926,,,1.0,,
1.0,1.0,5,UnilassoCV,unilasso_cv,True,1.288297761774843,0.9054169095741135,1.0,1.0,0.0,1.0,1.0,0.98,10,1.0,1.0,0,1.7302541732788086,,,1.0,,
1.0,1.0,6,UnilassoCV,unilasso_cv,True,1.2689571283940289,0.9173676304138589,0.8333333333333333,1.0,0.2857142857142857,0.7142857142857143,1.0,0.972,14,0.8333333333333333,0.992,0,3.232916831970215,,,1.0,,
1.0,1.0,7,UnilassoCV,unilasso_cv,True,0.7715889161386053,0.9478349093233557,1.0,1.0,0.0,1.0,1.0,0.98,10,1.0,1.0,0,2.6625568866729736,,,1.0,,
1.0,1.0,8,UnilassoCV,unilasso_cv,True,1.3159538050337283,0.9129723723979294,1.0,1.0,0.0,1.0,1.0,0.98,10,1.0,1.0,0,1.6379756927490234,,,1.0,,
1.0,1.0,9,UnilassoCV,unilasso_cv,True,1.608546910946427,0.9042844939143674,1.0,1.0,0.0,1.0,1.0,0.98,10,1.0,1.0,0,1.211932897567749,,,1.0,,
1.0,1.0,10,UnilassoCV,unilasso_cv,True,1.2006636481478954,0.9111457537003493,1.0,1.0,0.0,1.0,1.0,0.98,10,1.0,1.0,0,3.5238142013549805,,,1.0,,
1.0,1.0,11,UnilassoCV,unilasso_cv,True,0.738336259235027,0.9331003036188759,0.8695652173913044,1.0,0.23076923076923078,0.7692307692307693,1.0,0.974,13,0.8695652173913044,0.994,0,2.3435535430908203,,,1.0,,
1.0,1.0,12,UnilassoCV,unilasso_cv,True,1.072817965714516,0.9409045370534539,1.0,1.0,0.0,1.0,1.0,0.98,10,1.0,1.0,0,1.0785539150238037,,,1.0,,
1.0,1.0,13,UnilassoCV,unilasso_cv,True,0.7788050386124131,0.9562416575932237,1.0,1.0,0.0,1.0,1.0,0.98,10,1.0,1.0,0,3.2964744567871094,,,1.0,,
1.0,1.0,14,UnilassoCV,unilasso_cv,True,1.142972842544864,0.9097927465675458,0.8333333333333333,1.0,0.2857142857142857,0.7142857142857143,1.0,0.972,14,0.8333333333333333,0.992,0,2.744351625442505,,,1.0,,
1.0,1.0,15,UnilassoCV,unilasso_cv,True,0.937922398959392,0.9368637790791395,0.9523809523809523,1.0,0.09090909090909091,0.9090909090909091,1.0,0.978,11,0.9523809523809523,0.998,0,2.384094476699829,,,1.0,,
1.0,1.0,16,UnilassoCV,unilasso_cv,True,1.3823650195182469,0.9053360602493367,0.9090909090909091,1.0,0.16666666666666666,0.8333333333333334,1.0,0.976,12,0.9090909090909091,0.996,0,3.064039707183838,,,1.0,,
1.0,1.0,17,UnilassoCV,unilasso_cv,True,1.1680703593335762,0.91423990330926,0.8695652173913044,1.0,0.23076923076923078,0.7692307692307693,1.0,0.974,13,0.8695652173913044,0.994,0,3.334745407104492,,,1.0,,
1.0,1.0,18,UnilassoCV,unilasso_cv,True,1.1725970099878482,0.9253933392439175,0.8333333333333333,1.0,0.2857142857142857,0.7142857142857143,1.0,0.972,14,0.8333333333333333,0.992,0,3.8478739261627197,,,1.0,,
1.0,1.0,19,UnilassoCV,unilasso_cv,True,0.9579924710668529,0.9492662585799184,0.9090909090909091,1.0,0.16666666666666666,0.8333333333333334,1.0,0.976,12,0.9090909090909091,0.996,0,2.0521442890167236,,,1.0,,
2.0,0.5,0,UnilassoCV,unilasso_cv,True,4.047038731490806,0.7895681086428556,0.8,1.0,0.3333333333333333,0.6666666666666666,1.0,0.97,15,0.8,0.99,0,0.7119224071502686,,,1.0,,
2.0,0.5,1,UnilassoCV,unilasso_cv,True,6.172811052596397,0.6227042999343613,0.6896551724137931,1.0,0.47368421052631576,0.5263157894736842,1.0,0.962,19,0.6896551724137931,0.982,0,0.8711049556732178,,,1.0,,
2.0,0.5,2,UnilassoCV,unilasso_cv,True,3.147201771686661,0.8422584467774636,0.8333333333333333,1.0,0.2857142857142857,0.7142857142857143,1.0,0.972,14,0.8333333333333333,0.992,0,0.7056958675384521,,,1.0,,
2.0,0.5,3,UnilassoCV,unilasso_cv,True,3.689628450055852,0.7718719999429218,0.8,1.0,0.3333333333333333,0.6666666666666666,1.0,0.97,15,0.8,0.99,0,0.49477553367614746,,,1.0,,
2.0,0.5,4,UnilassoCV,unilasso_cv,True,3.0133740746735205,0.8544726772980377,0.9523809523809523,1.0,0.09090909090909091,0.9090909090909091,1.0,0.978,11,0.9523809523809523,0.998,0,3.3842835426330566,,,1.0,,
2.0,0.5,5,UnilassoCV,unilasso_cv,True,5.228580319886296,0.7001168573072374,0.9090909090909091,1.0,0.16666666666666666,0.8333333333333334,1.0,0.976,12,0.9090909090909091,0.996,0,0.532597541809082,,,1.0,,
2.0,0.5,6,UnilassoCV,unilasso_cv,True,5.378178802735504,0.7216503172929267,0.7142857142857143,1.0,0.4444444444444444,0.5555555555555556,1.0,0.964,18,0.7142857142857143,0.984,0,1.3162670135498047,,,1.0,,
2.0,0.5,7,UnilassoCV,unilasso_cv,True,3.2156936420109052,0.8159647603254839,0.9523809523809523,1.0,0.09090909090909091,0.9090909090909091,1.0,0.978,11,0.9523809523809523,0.998,0,0.916968584060669,,,1.0,,
2.0,0.5,8,UnilassoCV,unilasso_cv,True,5.26025858334377,0.7395429235338762,0.9523809523809523,1.0,0.09090909090909091,0.9090909090909091,1.0,0.978,11,0.9523809523809523,0.998,0,4.968910455703735,,,1.0,,
2.0,0.5,9,UnilassoCV,unilasso_cv,True,6.111510469287945,0.6865167767856667,0.9523809523809523,1.0,0.09090909090909091,0.9090909090909091,1.0,0.978,11,0.9523809523809523,0.998,0,0.43988633155822754,,,1.0,,
2.0,0.5,10,UnilassoCV,unilasso_cv,True,4.731939204740887,0.701647186472429,0.9523809523809523,1.0,0.09090909090909091,0.9090909090909091,1.0,0.978,11,0.9523809523809523,0.998,0,0.769294023513794,,,1.0,,
2.0,0.5,11,UnilassoCV,unilasso_cv,True,2.957055658828272,0.7948314154645,0.8333333333333333,1.0,0.2857142857142857,0.7142857142857143,1.0,0.972,14,0.8333333333333333,0.992,0,0.5710022449493408,,,1.0,,
2.0,0.5,12,UnilassoCV,unilasso_cv,True,4.395470580670797,0.7983817734257704,1.0,1.0,0.0,1.0,1.0,0.98,10,1.0,1.0,0,0.39865875244140625,,,1.0,,
2.0,0.5,13,UnilassoCV,unilasso_cv,True,3.6072638079096606,0.8223328078370284,0.9523809523809523,1.0,0.09090909090909091,0.9090909090909091,1.0,0.978,11,0.9523809523809523,0.998,0,0.5632619857788086,,,1.0,,
2.0,0.5,14,UnilassoCV,unilasso_cv,True,4.073512580863992,0.7413939139444407,0.6896551724137931,1.0,0.47368421052631576,0.5263157894736842,1.0,0.962,19,0.6896551724137931,0.982,0,0.930901050567627,,,1.0,,
2.0,0.5,15,UnilassoCV,unilasso_cv,True,3.849440860502791,0.7625154771020594,0.9090909090909091,1.0,0.16666666666666666,0.8333333333333334,1.0,0.976,12,0.9090909090909091,0.996,0,0.8378114700317383,,,1.0,,
2.0,0.5,16,UnilassoCV,unilasso_cv,True,4.94810811099477,0.7311983165890061,0.9090909090909091,1.0,0.16666666666666666,0.8333333333333334,1.0,0.976,12,0.9090909090909091,0.996,0,1.9725918769836426,,,1.0,,
2.0,0.5,17,UnilassoCV,unilasso_cv,True,4.7270038959389815,0.7060518566281788,0.8695652173913044,1.0,0.23076923076923078,0.7692307692307693,1.0,0.974,13,0.8695652173913044,0.994,0,0.6259725093841553,,,1.0,,
2.0,0.5,18,UnilassoCV,unilasso_cv,True,4.427005217520198,0.7553438484831854,0.7692307692307693,1.0,0.375,0.625,1.0,0.968,16,0.7692307692307693,0.988,0,0.8233458995819092,,,1.0,,
2.0,0.5,19,UnilassoCV,unilasso_cv,True,3.65574706905458,0.8223160018124216,0.8333333333333333,1.0,0.2857142857142857,0.7142857142857143,1.0,0.972,14,0.8333333333333333,0.992,0,0.5469987392425537,,,1.0,,
3.0,0.33,0,UnilassoCV,unilasso_cv,True,9.484479184301382,0.5983408888201545,0.7407407407407407,1.0,0.4117647058823529,0.5882352941176471,1.0,0.966,17,0.7407407407407407,0.986,0,0.49025869369506836,,,1.0,,
3.0,0.33,1,UnilassoCV,unilasso_cv,True,14.3540528225476,0.368009060430602,0.6060606060606061,1.0,0.5652173913043478,0.43478260869565216,1.0,0.954,23,0.6060606060606061,0.974,0,0.45789551734924316,,,1.0,,
3.0,0.33,2,UnilassoCV,unilasso_cv,True,7.243141483582531,0.7053993739046206,0.8333333333333333,1.0,0.2857142857142857,0.7142857142857143,1.0,0.972,14,0.8333333333333333,0.992,0,0.7776103019714355,,,1.0,,
3.0,0.33,3,UnilassoCV,unilasso_cv,True,8.588871665777488,0.5406500575193541,0.8,1.0,0.3333333333333333,0.6666666666666666,1.0,0.97,15,0.8,0.99,0,0.3960728645324707,,,1.0,,
3.0,0.33,4,UnilassoCV,unilasso_cv,True,6.900665588873482,0.7104935927949196,0.8695652173913044,1.0,0.23076923076923078,0.7692307692307693,1.0,0.974,13,0.8695652173913044,0.994,0,0.8401901721954346,,,1.0,,
3.0,0.33,5,UnilassoCV,unilasso_cv,True,11.853206673920413,0.49997416229393365,0.8695652173913044,1.0,0.23076923076923078,0.7692307692307693,1.0,0.974,13,0.8695652173913044,0.994,0,0.37172889709472656,,,1.0,,
3.0,0.33,6,UnilassoCV,unilasso_cv,True,12.847264044019282,0.4974624207695161,0.6896551724137931,1.0,0.47368421052631576,0.5263157894736842,1.0,0.962,19,0.6896551724137931,0.982,0,0.62119460105896,,,1.0,,
3.0,0.33,7,UnilassoCV,unilasso_cv,True,7.577206300470155,0.65067872437475,0.8695652173913044,1.0,0.23076923076923078,0.7692307692307693,1.0,0.974,13,0.8695652173913044,0.994,0,0.5291669368743896,,,1.0,,
3.0,0.33,8,UnilassoCV,unilasso_cv,True,12.145250478651425,0.5584180375938506,0.9090909090909091,1.0,0.16666666666666666,0.8333333333333334,1.0,0.976,12,0.9090909090909091,0.996,0,1.0485308170318604,,,1.0,,
3.0,0.33,9,UnilassoCV,unilasso_cv,True,13.987034566703354,0.4336807388903152,0.8,1.0,0.3333333333333333,0.6666666666666666,1.0,0.97,15,0.8,0.99,0,0.6225264072418213,,,1.0,,
3.0,0.33,10,UnilassoCV,unilasso_cv,True,10.666922928212891,0.47762868804124337,0.8695652173913044,1.0,0.23076923076923078,0.7692307692307693,1.0,0.974,13,0.8695652173913044,0.994,0,0.5253176689147949,,,1.0,,
3.0,0.33,11,UnilassoCV,unilasso_cv,True,6.763761347828069,0.6491511910935781,0.7407407407407407,1.0,0.4117647058823529,0.5882352941176471,1.0,0.966,17,0.7407407407407407,0.986,0,0.4685380458831787,,,1.0,,
3.0,0.33,12,UnilassoCV,unilasso_cv,True,10.280186403270978,0.6225524983348878,0.9523809523809523,1.0,0.09090909090909091,0.9090909090909091,1.0,0.978,11,0.9523809523809523,0.998,0,0.36147069931030273,,,1.0,,
3.0,0.33,13,UnilassoCV,unilasso_cv,True,8.644627442102228,0.6422739276375008,0.8695652173913044,1.0,0.23076923076923078,0.7692307692307693,1.0,0.974,13,0.8695652173913044,0.994,0,0.4237980842590332,,,1.0,,
3.0,0.33,14,UnilassoCV,unilasso_cv,True,9.586100931440395,0.5357781339488132,0.5882352941176471,1.0,0.5833333333333334,0.4166666666666667,1.0,0.952,24,0.5882352941176471,0.972,0,0.49145007133483887,,,1.0,,
3.0,0.33,15,UnilassoCV,unilasso_cv,True,9.069301027163284,0.5294454163972184,0.8333333333333333,1.0,0.2857142857142857,0.7142857142857143,1.0,0.972,14,0.8333333333333333,0.992,0,0.4549393653869629,,,1.0,,
3.0,0.33,16,UnilassoCV,unilasso_cv,True,11.134020794300953,0.5407505777929684,0.8,1.0,0.3333333333333333,0.6666666666666666,1.0,0.97,15,0.8,0.99,0,0.9703834056854248,,,1.0,,
3.0,0.33,17,UnilassoCV,unilasso_cv,True,11.139248952828734,0.45284585309184266,0.6923076923076923,0.9,0.4375,0.5625,0.9,0.968,16,0.6923076923076923,0.984,0,0.453446626663208,,,1.0,,
3.0,0.33,18,UnilassoCV,unilasso_cv,True,9.878492079183992,0.5623901778685712,0.7407407407407407,1.0,0.4117647058823529,0.5882352941176471,1.0,0.966,17,0.7407407407407407,0.986,0,0.45488548278808594,,,1.0,,
3.0,0.33,19,UnilassoCV,unilasso_cv,True,8.293929033002977,0.6534660429223609,0.7407407407407407,1.0,0.4117647058823529,0.5882352941176471,1.0,0.966,17,0.7407407407407407,0.986,0,0.41928911209106445,,,1.0,,
0.5,2.0,0,RelaxedLassoCV,relaxed_lasso_1se,True,0.29342403969835545,0.9814740621226679,0.6451612903225806,1.0,0.5238095238095238,0.47619047619047616,1.0,0.958,21,0.6451612903225806,0.978,0,1.001225471496582,,,1.0,,
0.5,2.0,1,RelaxedLassoCV,relaxed_lasso_1se,True,0.42202987246639273,0.9646740213033366,0.5714285714285715,1.0,0.6,0.4,1.0,0.95,25,0.5714285714285715,0.97,0,0.9933071136474609,,,1.0,,
0.5,2.0,2,RelaxedLassoCV,relaxed_lasso_1se,True,0.19584496109073044,0.9876537715333809,0.9523809523809523,1.0,0.09090909090909091,0.9090909090909091,1.0,0.978,11,0.9523809523809523,0.998,0,0.9785864353179932,,,1.0,,
0.5,2.0,3,RelaxedLassoCV,relaxed_lasso_1se,True,0.24056389991131397,0.9844667015930849,0.8333333333333333,1.0,0.2857142857142857,0.7142857142857143,1.0,0.972,14,0.8333333333333333,0.992,0,1.0437653064727783,,,1.0,,
0.5,2.0,4,RelaxedLassoCV,relaxed_lasso_1se,True,0.22426408957844138,0.9879645715091304,0.7407407407407407,1.0,0.4117647058823529,0.5882352941176471,1.0,0.966,17,0.7407407407407407,0.986,0,1.01454496383667,,,1.0,,
0.5,2.0,5,RelaxedLassoCV,relaxed_lasso_1se,True,0.33146204668497004,0.9737647252956638,0.9090909090909091,1.0,0.16666666666666666,0.8333333333333334,1.0,0.976,12,0.9090909090909091,0.996,0,1.0230185985565186,,,1.0,,
0.5,2.0,6,RelaxedLassoCV,relaxed_lasso_1se,True,0.46658494483930135,0.9672076064400602,0.45454545454545453,1.0,0.7058823529411765,0.29411764705882354,1.0,0.9319999999999999,34,0.45454545454545453,0.952,0,1.0030786991119385,,,1.0,,
0.5,2.0,7,RelaxedLassoCV,relaxed_lasso_1se,True,0.18986097847503272,0.9864639433632971,0.8333333333333333,1.0,0.2857142857142857,0.7142857142857143,1.0,0.972,14,0.8333333333333333,0.992,0,1.0200059413909912,,,1.0,,
0.5,2.0,8,RelaxedLassoCV,relaxed_lasso_1se,True,0.3070605838459027,0.9771204249398981,0.9523809523809523,1.0,0.09090909090909091,0.9090909090909091,1.0,0.978,11,0.9523809523809523,0.998,0,1.0359854698181152,,,1.0,,
0.5,2.0,9,RelaxedLassoCV,relaxed_lasso_1se,True,0.35326074484484915,0.9784633190344247,1.0,1.0,0.0,1.0,1.0,0.98,10,1.0,1.0,0,1.055426836013794,,,1.0,,
0.5,2.0,10,RelaxedLassoCV,relaxed_lasso_1se,True,0.3406440403503573,0.9741322543986806,0.9523809523809523,1.0,0.09090909090909091,0.9090909090909091,1.0,0.978,11,0.9523809523809523,0.998,0,0.998039722442627,,,1.0,,
0.5,2.0,11,RelaxedLassoCV,relaxed_lasso_1se,True,0.19121748802983699,0.9806982001538171,0.8333333333333333,1.0,0.2857142857142857,0.7142857142857143,1.0,0.972,14,0.8333333333333333,0.992,0,1.0115365982055664,,,1.0,,
0.5,2.0,12,RelaxedLassoCV,relaxed_lasso_1se,True,0.26078071912192535,0.9846608997969539,1.0,1.0,0.0,1.0,1.0,0.98,10,1.0,1.0,0,1.008012056350708,,,1.0,,
0.5,2.0,13,RelaxedLassoCV,relaxed_lasso_1se,True,0.2303513791189072,0.9864925826188214,1.0,1.0,0.0,1.0,1.0,0.98,10,1.0,1.0,0,1.008800745010376,,,1.0,,
0.5,2.0,14,RelaxedLassoCV,relaxed_lasso_1se,True,0.3968152170558626,0.9664033509263897,0.5,1.0,0.6666666666666666,0.3333333333333333,1.0,0.94,30,0.5,0.96,0,0.998953104019165,,,1.0,,
0.5,2.0,15,RelaxedLassoCV,relaxed_lasso_1se,True,0.26985144446067505,0.981791659202619,0.9523809523809523,1.0,0.09090909090909091,0.9090909090909091,1.0,0.978,11,0.9523809523809523,0.998,0,1.00575590133667,,,1.0,,
0.5,2.0,16,RelaxedLassoCV,relaxed_lasso_1se,True,0.3273615439657377,0.9756822372257727,0.7692307692307693,1.0,0.375,0.625,1.0,0.968,16,0.7692307692307693,0.988,0,1.0297935009002686,,,1.0,,
0.5,2.0,17,RelaxedLassoCV,relaxed_lasso_1se,True,0.31001718190489336,0.9762820320325375,0.8333333333333333,1.0,0.2857142857142857,0.7142857142857143,1.0,0.972,14,0.8333333333333333,0.992,0,1.009552240371704,,,1.0,,
0.5,2.0,18,RelaxedLassoCV,relaxed_lasso_1se,True,0.2884275468981402,0.9811683759202569,0.6896551724137931,1.0,0.47368421052631576,0.5263157894736842,1.0,0.962,19,0.6896551724137931,0.982,0,1.0076258182525635,,,1.0,,
0.5,2.0,19,RelaxedLassoCV,relaxed_lasso_1se,True,0.24921152244413772,0.9866462940443075,0.7692307692307693,1.0,0.375,0.625,1.0,0.968,16,0.7692307692307693,0.988,0,1.0179839134216309,,,1.0,,
1.0,1.0,0,RelaxedLassoCV,relaxed_lasso_1se,True,1.0295509874008533,0.9377762547583086,0.7142857142857143,1.0,0.4444444444444444,0.5555555555555556,1.0,0.964,18,0.7142857142857143,0.984,0,1.130202293395996,,,1.0,,
1.0,1.0,1,RelaxedLassoCV,relaxed_lasso_1se,True,1.7723682670498657,0.8608402786913735,0.6060606060606061,1.0,0.5652173913043478,0.43478260869565216,1.0,0.954,23,0.6060606060606061,0.974,0,1.1261885166168213,,,1.0,,
1.0,1.0,2,RelaxedLassoCV,relaxed_lasso_1se,True,0.7833798443629238,0.9534919264432385,0.9523809523809523,1.0,0.09090909090909091,0.9090909090909091,1.0,0.978,11,0.9523809523809523,0.998,0,1.0868384838104248,,,1.0,,
1.0,1.0,3,RelaxedLassoCV,relaxed_lasso_1se,True,0.9589449074666269,0.9373340225303202,0.8695652173913044,1.0,0.23076923076923078,0.7692307692307693,1.0,0.974,13,0.8695652173913044,0.994,0,1.1733064651489258,,,1.0,,
1.0,1.0,4,RelaxedLassoCV,relaxed_lasso_1se,True,0.8970563583137671,0.9527246751372525,0.7407407407407407,1.0,0.4117647058823529,0.5882352941176471,1.0,0.966,17,0.7407407407407407,0.986,0,1.1382191181182861,,,1.0,,
1.0,1.0,5,RelaxedLassoCV,relaxed_lasso_1se,True,1.3258481867398806,0.902660066128926,0.9090909090909091,1.0,0.16666666666666666,0.8333333333333334,1.0,0.976,12,0.9090909090909091,0.996,0,1.1349470615386963,,,1.0,,
1.0,1.0,6,RelaxedLassoCV,relaxed_lasso_1se,True,1.493685498213594,0.9027336941713296,0.5405405405405406,1.0,0.6296296296296297,0.37037037037037035,1.0,0.946,27,0.5405405405405406,0.966,0,1.1365587711334229,,,1.0,,
1.0,1.0,7,RelaxedLassoCV,relaxed_lasso_1se,True,0.7745933206923035,0.9476317894590148,0.9090909090909091,1.0,0.16666666666666666,0.8333333333333334,1.0,0.976,12,0.9090909090909091,0.996,0,1.1622233390808105,,,1.0,,
1.0,1.0,8,RelaxedLassoCV,relaxed_lasso_1se,True,1.22824233538361,0.9187729719994824,0.9523809523809523,1.0,0.09090909090909091,0.9090909090909091,1.0,0.978,11,0.9523809523809523,0.998,0,1.1467344760894775,,,1.0,,
1.0,1.0,9,RelaxedLassoCV,relaxed_lasso_1se,True,1.4130429793794,0.915917824359582,1.0,1.0,0.0,1.0,1.0,0.98,10,1.0,1.0,0,1.123605489730835,,,1.0,,
1.0,1.0,10,RelaxedLassoCV,relaxed_lasso_1se,True,1.362576161401428,0.8991635350716625,0.9523809523809523,1.0,0.09090909090909091,0.9090909090909091,1.0,0.978,11,0.9523809523809523,0.998,0,1.091681718826294,,,1.0,,
1.0,1.0,11,RelaxedLassoCV,relaxed_lasso_1se,True,0.7648699521193493,0.9306961199212334,0.8333333333333333,1.0,0.2857142857142857,0.7142857142857143,1.0,0.972,14,0.8333333333333333,0.992,0,1.1090185642242432,,,1.0,,
1.0,1.0,12,RelaxedLassoCV,relaxed_lasso_1se,True,1.0431228764877034,0.942540271261101,1.0,1.0,0.0,1.0,1.0,0.98,10,1.0,1.0,0,1.126889705657959,,,1.0,,
1.0,1.0,13,RelaxedLassoCV,relaxed_lasso_1se,True,0.9214055164756285,0.9482294334442554,1.0,1.0,0.0,1.0,1.0,0.98,10,1.0,1.0,0,1.1553428173065186,,,1.0,,
1.0,1.0,14,RelaxedLassoCV,relaxed_lasso_1se,True,1.5864089142689426,0.8747952832734556,0.5128205128205129,1.0,0.6551724137931034,0.3448275862068966,1.0,0.942,29,0.5128205128205129,0.962,0,1.1250133514404297,,,1.0,,
1.0,1.0,15,RelaxedLassoCV,relaxed_lasso_1se,True,1.0794057778427015,0.9273398292558737,0.9523809523809523,1.0,0.09090909090909091,0.9090909090909091,1.0,0.978,11,0.9523809523809523,0.998,0,1.1466636657714844,,,1.0,,
1.0,1.0,16,RelaxedLassoCV,relaxed_lasso_1se,True,1.3094461758629508,0.9103295206776674,0.7692307692307693,1.0,0.375,0.625,1.0,0.968,16,0.7692307692307693,0.988,0,1.1474831104278564,,,1.0,,
1.0,1.0,17,RelaxedLassoCV,relaxed_lasso_1se,True,1.2400687276195699,0.908953760247377,0.8333333333333333,1.0,0.2857142857142857,0.7142857142857143,1.0,0.972,14,0.8333333333333333,0.992,0,1.146606683731079,,,1.0,,
1.0,1.0,18,RelaxedLassoCV,relaxed_lasso_1se,True,1.1537101875925608,0.9265950161535492,0.6896551724137931,1.0,0.47368421052631576,0.5263157894736842,1.0,0.962,19,0.6896551724137931,0.982,0,1.1297492980957031,,,1.0,,
1.0,1.0,19,RelaxedLassoCV,relaxed_lasso_1se,True,0.9968460897765526,0.9472086333851639,0.7692307692307693,1.0,0.375,0.625,1.0,0.968,16,0.7692307692307693,0.988,0,1.1594598293304443,,,1.0,,
2.0,0.5,0,RelaxedLassoCV,relaxed_lasso_1se,True,4.336888939364357,0.774496909304315,0.6896551724137931,1.0,0.47368421052631576,0.5263157894736842,1.0,0.962,19,0.6896551724137931,0.982,0,1.4773046970367432,,,1.0,,
2.0,0.5,1,RelaxedLassoCV,relaxed_lasso_1se,True,7.089473068199462,0.5666759144947865,0.6060606060606061,1.0,0.5652173913043478,0.43478260869565216,1.0,0.954,23,0.6060606060606061,0.974,0,1.4893014430999756,,,1.0,,
2.0,0.5,2,RelaxedLassoCV,relaxed_lasso_1se,True,3.133519377451699,0.8429442248987912,0.9523809523809523,1.0,0.09090909090909091,0.9090909090909091,1.0,0.978,11,0.9523809523809523,0.998,0,1.263207197189331,,,1.0,,
2.0,0.5,3,RelaxedLassoCV,relaxed_lasso_1se,True,3.8357796298665034,0.7628355409044292,0.8695652173913044,1.0,0.23076923076923078,0.7692307692307693,1.0,0.974,13,0.8695652173913044,0.994,0,1.4978041648864746,,,1.0,,
2.0,0.5,4,RelaxedLassoCV,relaxed_lasso_1se,True,3.588225433255067,0.8267109135432268,0.7407407407407407,1.0,0.4117647058823529,0.5882352941176471,1.0,0.966,17,0.7407407407407407,0.986,0,1.442572832107544,,,1.0,,
2.0,0.5,5,RelaxedLassoCV,relaxed_lasso_1se,True,5.303392746959521,0.6958260203360881,0.9090909090909091,1.0,0.16666666666666666,0.8333333333333334,1.0,0.976,12,0.9090909090909091,0.996,0,1.2922024726867676,,,1.0,,
2.0,0.5,6,RelaxedLassoCV,relaxed_lasso_1se,True,5.785799625915262,0.7005537470674869,0.5714285714285715,1.0,0.6,0.4,1.0,0.95,25,0.5714285714285715,0.97,0,1.4474482536315918,,,1.0,,
2.0,0.5,7,RelaxedLassoCV,relaxed_lasso_1se,True,3.0983732827692156,0.8226790443448543,0.9090909090909091,1.0,0.16666666666666666,0.8333333333333334,1.0,0.976,12,0.9090909090909091,0.996,0,1.42765212059021,,,1.0,,
2.0,0.5,8,RelaxedLassoCV,relaxed_lasso_1se,True,4.9129693415344455,0.7567386448423703,0.9523809523809523,1.0,0.09090909090909091,0.9090909090909091,1.0,0.978,11,0.9523809523809523,0.998,0,1.3831875324249268,,,1.0,,
2.0,0.5,9,RelaxedLassoCV,relaxed_lasso_1se,True,5.652171917517605,0.7100780437554584,1.0,1.0,0.0,1.0,1.0,0.98,10,1.0,1.0,0,1.4261705875396729,,,1.0,,
2.0,0.5,10,RelaxedLassoCV,relaxed_lasso_1se,True,4.88278543509828,0.6921362026474327,1.0,1.0,0.0,1.0,1.0,0.98,10,1.0,1.0,0,1.4046759605407715,,,1.0,,
2.0,0.5,11,RelaxedLassoCV,relaxed_lasso_1se,True,3.0594798084773958,0.7877249486846052,0.8333333333333333,1.0,0.2857142857142857,0.7142857142857143,1.0,0.972,14,0.8333333333333333,0.992,0,1.3503377437591553,,,1.0,,
2.0,0.5,12,RelaxedLassoCV,relaxed_lasso_1se,True,4.172491505950814,0.8086097216700161,1.0,1.0,0.0,1.0,1.0,0.98,10,1.0,1.0,0,1.4239935874938965,,,1.0,,
2.0,0.5,13,RelaxedLassoCV,relaxed_lasso_1se,True,3.685622065902514,0.8184734583628243,1.0,1.0,0.0,1.0,1.0,0.98,10,1.0,1.0,0,1.442164659500122,,,1.0,,
2.0,0.5,14,RelaxedLassoCV,relaxed_lasso_1se,True,6.345635657075769,0.5971486602201921,0.5128205128205129,1.0,0.6551724137931034,0.3448275862068966,1.0,0.942,29,0.5128205128205129,0.962,0,1.322417974472046,,,1.0,,
2.0,0.5,15,RelaxedLassoCV,relaxed_lasso_1se,True,4.317623111370807,0.7336317917810301,0.9523809523809523,1.0,0.09090909090909091,0.9090909090909091,1.0,0.978,11,0.9523809523809523,0.998,0,1.5067393779754639,,,1.0,,
2.0,0.5,16,RelaxedLassoCV,relaxed_lasso_1se,True,5.369165270624217,0.7083247514239368,0.8,1.0,0.3333333333333333,0.6666666666666666,1.0,0.97,15,0.8,0.99,0,1.379683256149292,,,1.0,,
2.0,0.5,17,RelaxedLassoCV,relaxed_lasso_1se,True,4.960274910478277,0.6915459278970442,0.8333333333333333,1.0,0.2857142857142857,0.7142857142857143,1.0,0.972,14,0.8333333333333333,0.992,0,1.5080194473266602,,,1.0,,
2.0,0.5,18,RelaxedLassoCV,relaxed_lasso_1se,True,4.696000328572266,0.7404779729277682,0.7142857142857143,1.0,0.4444444444444444,0.5555555555555556,1.0,0.964,18,0.7142857142857143,0.984,0,1.3714134693145752,,,1.0,,
2.0,0.5,19,RelaxedLassoCV,relaxed_lasso_1se,True,3.9873843591062132,0.8061970968303801,0.7692307692307693,1.0,0.375,0.625,1.0,0.968,16,0.7692307692307693,0.988,0,1.4637045860290527,,,1.0,,
3.0,0.33,0,RelaxedLassoCV,relaxed_lasso_1se,True,9.383751783932533,0.6026066030799921,0.7407407407407407,1.0,0.4117647058823529,0.5882352941176471,1.0,0.966,17,0.7407407407407407,0.986,0,1.6716604232788086,,,1.0,,
3.0,0.33,1,RelaxedLassoCV,relaxed_lasso_1se,True,15.951314403448789,0.29768363668225295,0.6060606060606061,1.0,0.5652173913043478,0.43478260869565216,1.0,0.954,23,0.6060606060606061,0.974,0,1.8312280178070068,,,1.0,,
3.0,0.33,2,RelaxedLassoCV,relaxed_lasso_1se,True,7.050418599266324,0.7132380006263479,0.9523809523809523,1.0,0.09090909090909091,0.9090909090909091,1.0,0.978,11,0.9523809523809523,0.998,0,1.3785734176635742,,,1.0,,
3.0,0.33,3,RelaxedLassoCV,relaxed_lasso_1se,True,8.630504167199636,0.538423468523993,0.8695652173913044,1.0,0.23076923076923078,0.7692307692307693,1.0,0.974,13,0.8695652173913044,0.994,0,1.7521939277648926,,,1.0,,
3.0,0.33,4,RelaxedLassoCV,relaxed_lasso_1se,True,8.073507224823901,0.6612888945130595,0.7407407407407407,1.0,0.4117647058823529,0.5882352941176471,1.0,0.966,17,0.7407407407407407,0.986,0,1.646632194519043,,,1.0,,
3.0,0.33,5,RelaxedLassoCV,relaxed_lasso_1se,True,11.932633680658922,0.49662354531124897,0.9090909090909091,1.0,0.16666666666666666,0.8333333333333334,1.0,0.976,12,0.9090909090909091,0.996,0,1.4912636280059814,,,1.0,,
3.0,0.33,6,RelaxedLassoCV,relaxed_lasso_1se,True,13.01804915830935,0.4907819370797699,0.5714285714285715,1.0,0.6,0.4,1.0,0.95,25,0.5714285714285715,0.97,0,1.8077032566070557,,,1.0,,
3.0,0.33,7,RelaxedLassoCV,relaxed_lasso_1se,True,6.971339886230735,0.6786101307913178,0.9090909090909091,1.0,0.16666666666666666,0.8333333333333334,1.0,0.976,12,0.9090909090909091,0.996,0,1.5995149612426758,,,1.0,,
3.0,0.33,8,RelaxedLassoCV,relaxed_lasso_1se,True,11.054181018452487,0.5980875853074159,0.9523809523809523,1.0,0.09090909090909091,0.9090909090909091,1.0,0.978,11,0.9523809523809523,0.998,0,1.7075691223144531,,,1.0,,
3.0,0.33,9,RelaxedLassoCV,relaxed_lasso_1se,True,13.79587424226718,0.44142060491923707,0.9473684210526316,0.9,0.0,1.0,0.9,0.982,9,0.9473684210526316,0.998,0,1.7018389701843262,,,1.0,,
3.0,0.33,10,RelaxedLassoCV,relaxed_lasso_1se,True,12.263185452612843,0.39945790207859466,0.9523809523809523,1.0,0.09090909090909091,0.9090909090909091,1.0,0.978,11,0.9523809523809523,0.998,0,1.6234321594238281,,,1.0,,
3.0,0.33,11,RelaxedLassoCV,relaxed_lasso_1se,True,6.883829569074141,0.6429230304230031,0.8333333333333333,1.0,0.2857142857142857,0.7142857142857143,1.0,0.972,14,0.8333333333333333,0.992,0,1.5910136699676514,,,1.0,,
3.0,0.33,12,RelaxedLassoCV,relaxed_lasso_1se,True,9.388105888389335,0.6553061419379909,1.0,1.0,0.0,1.0,1.0,0.98,10,1.0,1.0,0,1.6463384628295898,,,1.0,,
3.0,0.33,13,RelaxedLassoCV,relaxed_lasso_1se,True,8.292649648280664,0.6568392324566967,1.0,1.0,0.0,1.0,1.0,0.98,10,1.0,1.0,0,1.7862098217010498,,,1.0,,
3.0,0.33,14,RelaxedLassoCV,relaxed_lasso_1se,True,14.277680228420476,0.3085811002906297,0.5128205128205129,1.0,0.6551724137931034,0.3448275862068966,1.0,0.942,29,0.5128205128205129,0.962,0,1.6113405227661133,,,1.0,,
3.0,0.33,15,RelaxedLassoCV,relaxed_lasso_1se,True,9.714652000584318,0.495961815217121,0.9523809523809523,1.0,0.09090909090909091,0.9090909090909091,1.0,0.978,11,0.9523809523809523,0.998,0,1.8092401027679443,,,1.0,,
3.0,0.33,16,RelaxedLassoCV,relaxed_lasso_1se,True,12.080621858904493,0.5017057439444224,0.8,1.0,0.3333333333333333,0.6666666666666666,1.0,0.97,15,0.8,0.99,0,1.6587820053100586,,,1.0,,
3.0,0.33,17,RelaxedLassoCV,relaxed_lasso_1se,True,11.66957936822433,0.42679629739522285,0.8181818181818182,0.9,0.25,0.75,0.9,0.976,12,0.8181818181818182,0.992,0,1.9024770259857178,,,1.0,,
3.0,0.33,18,RelaxedLassoCV,relaxed_lasso_1se,True,10.566000739287603,0.5319340576378597,0.7142857142857143,1.0,0.4444444444444444,0.5555555555555556,1.0,0.964,18,0.7142857142857143,0.984,0,1.628063440322876,,,1.0,,
3.0,0.33,19,RelaxedLassoCV,relaxed_lasso_1se,True,8.971614807988978,0.6251512198359017,0.7692307692307693,1.0,0.375,0.625,1.0,0.968,16,0.7692307692307693,0.988,0,1.8248562812805176,,,1.0,,
