idx,repeat,params_sigma,mse,r2,f1,tpr,fdr,precision,recall,sparsity,n_selected,fold,train_time,algo
0,0,0.1,0.1958038024831022,0.9991214970194362,1.0,1.0,0.0,1.0,1.0,0.96,20,0,0.0186789035797119,AdaptiveFlippedLasso
0,1,0.1,0.2421527986515963,0.9986757076025992,1.0,1.0,0.0,1.0,1.0,0.96,20,1,0.020486831665039,AdaptiveFlippedLasso
0,2,0.1,0.6725719783403525,0.9968778432141668,1.0,1.0,0.0,1.0,1.0,0.96,20,2,0.0155813694000244,AdaptiveFlippedLasso
0,3,0.1,1.0038929546230633,0.9950328835759924,0.975609756097561,1.0,0.0476190476190476,0.9523809523809524,1.0,0.958,21,3,0.0150856971740722,AdaptiveFlippedLasso
0,4,0.1,0.4019596468011339,0.9983547015290806,1.0,1.0,0.0,1.0,1.0,0.96,20,4,0.0144238471984863,AdaptiveFlippedLasso
0,5,0.1,2.308860132127309,0.989576427647602,1.0,1.0,0.0,1.0,1.0,0.96,20,5,0.0159742832183837,AdaptiveFlippedLasso
0,6,0.1,0.1414334127803037,0.9992370913890014,1.0,1.0,0.0,1.0,1.0,0.96,20,6,0.0155601501464843,AdaptiveFlippedLasso
0,7,0.1,0.5811598078056007,0.9977110478732196,1.0,1.0,0.0,1.0,1.0,0.96,20,7,0.0145552158355712,AdaptiveFlippedLasso
0,8,0.1,0.1710917415790623,0.9989324084310094,1.0,1.0,0.0,1.0,1.0,0.96,20,8,0.0155251026153564,AdaptiveFlippedLasso
0,9,0.1,0.3397734557547435,0.9984978081797105,1.0,1.0,0.0,1.0,1.0,0.96,20,9,0.0166840553283691,AdaptiveFlippedLasso
1,0,0.5,0.4329197869891004,0.9980380468140216,1.0,1.0,0.0,1.0,1.0,0.96,20,0,0.0567150115966796,AdaptiveFlippedLasso
1,1,0.5,0.4604600829754025,0.9975029936771592,1.0,1.0,0.0,1.0,1.0,0.96,20,1,0.0276567935943603,AdaptiveFlippedLasso
1,2,0.5,1.0757624062835098,0.9949913249920742,1.0,1.0,0.0,1.0,1.0,0.96,20,2,0.0366640090942382,AdaptiveFlippedLasso
1,3,0.5,1.3521684756422216,0.9932669111460632,0.975609756097561,1.0,0.0476190476190476,0.9523809523809524,1.0,0.958,21,3,0.0395221710205078,AdaptiveFlippedLasso
1,4,0.5,0.6277251293163514,0.997442794425569,1.0,1.0,0.0,1.0,1.0,0.96,20,4,0.0268399715423584,AdaptiveFlippedLasso
1,5,0.5,2.5289442143919327,0.9885195623088426,1.0,1.0,0.0,1.0,1.0,0.96,20,5,0.030250072479248,AdaptiveFlippedLasso
1,6,0.5,0.3889599538568893,0.997900416072382,1.0,1.0,0.0,1.0,1.0,0.96,20,6,0.0220298767089843,AdaptiveFlippedLasso
1,7,0.5,0.9332918755776024,0.9963592545665196,1.0,1.0,0.0,1.0,1.0,0.96,20,7,0.0273029804229736,AdaptiveFlippedLasso
1,8,0.5,0.5616932774307111,0.996543656205832,1.0,1.0,0.0,1.0,1.0,0.96,20,8,0.0473401546478271,AdaptiveFlippedLasso
1,9,0.5,0.6010188029149778,0.9973420669510132,1.0,1.0,0.0,1.0,1.0,0.96,20,9,0.0556683540344238,AdaptiveFlippedLasso
2,0,1.0,1.2544332001835496,0.9942525783442124,0.9302325581395348,1.0,0.1304347826086956,0.8695652173913043,1.0,0.954,23,0,0.0728447437286377,AdaptiveFlippedLasso
2,1,1.0,1.2803750696490208,0.9931440088569368,0.9523809523809524,1.0,0.0909090909090909,0.9090909090909092,1.0,0.956,22,1,0.0527510643005371,AdaptiveFlippedLasso
2,2,1.0,2.0881543107614187,0.9902582250219356,1.0,1.0,0.0,1.0,1.0,0.96,20,2,0.0575661659240722,AdaptiveFlippedLasso
2,3,1.0,2.528744257167367,0.9873468223463416,0.9302325581395348,1.0,0.1304347826086956,0.8695652173913043,1.0,0.954,23,3,0.0805423259735107,AdaptiveFlippedLasso
2,4,1.0,1.7288495225201117,0.9930125189060068,0.9302325581395348,1.0,0.1304347826086956,0.8695652173913043,1.0,0.954,23,4,0.0847649574279785,AdaptiveFlippedLasso
2,5,1.0,3.517608222506444,0.98396088059869,0.975609756097561,1.0,0.0476190476190476,0.9523809523809524,1.0,0.958,21,5,0.1041064262390136,AdaptiveFlippedLasso
2,6,1.0,1.153933636095517,0.9937813384045046,0.9523809523809524,1.0,0.0909090909090909,0.9090909090909092,1.0,0.956,22,6,0.0832593441009521,AdaptiveFlippedLasso
2,7,1.0,1.94822188168344,0.9925050462738456,0.9523809523809524,1.0,0.0909090909090909,0.9090909090909092,1.0,0.956,22,7,0.0933635234832763,AdaptiveFlippedLasso
2,8,1.0,1.6504614282677246,0.9900475757095316,0.9523809523809524,1.0,0.0909090909090909,0.9090909090909092,1.0,0.956,22,8,0.1273410320281982,AdaptiveFlippedLasso
2,9,1.0,1.590283067715199,0.9929757259610612,0.975609756097561,1.0,0.0476190476190476,0.9523809523809524,1.0,0.958,21,9,0.1052210330963134,AdaptiveFlippedLasso
3,0,1.5,2.666481815034403,0.9876717619081338,0.888888888888889,1.0,0.2,0.8,1.0,0.95,25,0,0.1508047580718994,AdaptiveFlippedLasso
3,1,1.5,2.7775910911149717,0.9853468627576468,0.7407407407407407,1.0,0.4117647058823529,0.5882352941176471,1.0,0.932,34,1,0.1089396476745605,AdaptiveFlippedLasso
3,2,1.5,3.802756117371679,0.9822576267668393,0.851063829787234,1.0,0.2592592592592592,0.7407407407407407,1.0,0.946,27,2,0.08746337890625,AdaptiveFlippedLasso
3,3,1.5,4.4227307771406,0.9778394881816184,0.888888888888889,1.0,0.2,0.8,1.0,0.95,25,3,0.1387877464294433,AdaptiveFlippedLasso
3,4,1.5,3.576430798194441,0.9856894197181,0.888888888888889,1.0,0.2,0.8,1.0,0.95,25,4,0.146334171295166,AdaptiveFlippedLasso
3,5,1.5,5.188024687511011,0.9763066067430444,0.851063829787234,1.0,0.2592592592592592,0.7407407407407407,1.0,0.946,27,5,0.1465892791748047,AdaptiveFlippedLasso
3,6,1.5,2.5731937226476345,0.9861941421066204,0.8695652173913044,1.0,0.2307692307692307,0.7692307692307693,1.0,0.948,26,6,0.1413221359252929,AdaptiveFlippedLasso
3,7,1.5,3.568080194573621,0.9864906288470452,0.888888888888889,1.0,0.2,0.8,1.0,0.95,25,7,0.1542606353759765,AdaptiveFlippedLasso
3,8,1.5,3.353476743849202,0.9802418545041736,0.851063829787234,1.0,0.2592592592592592,0.7407407407407407,1.0,0.946,27,8,0.1704714298248291,AdaptiveFlippedLasso
3,9,1.5,3.196662977877267,0.9859219276261366,0.9302325581395348,1.0,0.1304347826086956,0.8695652173913043,1.0,0.954,23,9,0.1392436027526855,AdaptiveFlippedLasso
4,0,2.0,4.915413688977653,0.977110868565145,0.7547169811320755,1.0,0.3939393939393939,0.6060606060606061,1.0,0.934,33,0,0.1657397747039795,AdaptiveFlippedLasso
4,1,2.0,5.309626758830135,0.9724625654204642,0.6349206349206349,1.0,0.5348837209302325,0.4651162790697674,1.0,0.914,43,1,0.1491274833679199,AdaptiveFlippedLasso
4,2,2.0,6.524893446363411,0.9696126453119068,0.6349206349206349,1.0,0.5348837209302325,0.4651162790697674,1.0,0.914,43,2,0.1272978782653808,AdaptiveFlippedLasso
4,3,2.0,7.199738528949454,0.964002048101021,0.8333333333333333,1.0,0.2857142857142857,0.7142857142857143,1.0,0.944,28,3,0.0969712734222412,AdaptiveFlippedLasso
4,4,2.0,5.964639106235105,0.9764202078571312,0.851063829787234,1.0,0.2592592592592592,0.7407407407407407,1.0,0.946,27,4,0.2076034545898437,AdaptiveFlippedLasso
4,5,2.0,7.669085866875189,0.9650188988464812,0.6779661016949152,1.0,0.4871794871794871,0.5128205128205128,1.0,0.922,39,5,0.0931203365325927,AdaptiveFlippedLasso
4,6,2.0,4.899420927380307,0.9739016161879092,0.7547169811320755,1.0,0.3939393939393939,0.6060606060606061,1.0,0.934,33,6,0.1138548851013183,AdaptiveFlippedLasso
4,7,2.0,6.008459977238952,0.9776545483012083,0.8,1.0,0.3333333333333333,0.6666666666666666,1.0,0.94,30,7,0.101914644241333,AdaptiveFlippedLasso
4,8,2.0,5.924087289350004,0.9659895548302558,0.8,1.0,0.3333333333333333,0.6666666666666666,1.0,0.94,30,8,0.1194727420806884,AdaptiveFlippedLasso
4,9,2.0,5.539213172045424,0.9757188822416852,0.7843137254901961,1.0,0.3548387096774194,0.6451612903225806,1.0,0.938,31,9,0.1307380199432373,AdaptiveFlippedLasso
5,0,3.0,11.723880360180203,0.9449450411966912,0.5762711864406781,0.85,0.5641025641025641,0.4358974358974359,0.85,0.922,39,0,0.1706008911132812,AdaptiveFlippedLasso
5,1,3.0,12.5337551180596,0.9375494387688376,0.4722222222222222,0.85,0.6730769230769231,0.3269230769230769,0.85,0.896,52,1,0.1865663528442382,AdaptiveFlippedLasso
5,2,3.0,15.037415935150328,0.9306201253937418,0.4477611940298508,0.75,0.6808510638297872,0.3191489361702128,0.75,0.906,47,2,0.1692931652069091,AdaptiveFlippedLasso
5,3,3.0,15.40445129720482,0.9241008416864508,0.5901639344262295,0.9,0.5609756097560976,0.4390243902439024,0.9,0.918,41,3,0.1286337375640869,AdaptiveFlippedLasso
5,4,3.0,12.98313585341552,0.9501941748969578,0.6557377049180327,1.0,0.5121951219512195,0.4878048780487805,1.0,0.918,41,4,0.1182465553283691,AdaptiveFlippedLasso
5,5,3.0,16.249399192390122,0.9266834127373916,0.523076923076923,0.85,0.6222222222222222,0.3777777777777777,0.85,0.91,45,5,0.1542048454284668,AdaptiveFlippedLasso
5,6,3.0,12.600879818215038,0.9343633270713614,0.5428571428571428,0.95,0.62,0.38,0.95,0.9,50,6,0.1658306121826172,AdaptiveFlippedLasso
5,7,3.0,13.604643882407911,0.9514466638314132,0.6779661016949152,1.0,0.4871794871794871,0.5128205128205128,1.0,0.922,39,7,0.1278741359710693,AdaptiveFlippedLasso
5,8,3.0,12.732078872932007,0.9311038874244264,0.631578947368421,0.9,0.5135135135135135,0.4864864864864865,0.9,0.926,37,8,0.127007246017456,AdaptiveFlippedLasso
5,9,3.0,12.807762718489744,0.9446583264622826,0.6666666666666667,0.9,0.4705882352941176,0.5294117647058824,0.9,0.932,34,9,0.1116964817047119,AdaptiveFlippedLasso
0,0,0.1,4.784644769297317,0.9785329772074806,0.5882352941176471,1.0,0.5833333333333334,0.4166666666666667,1.0,0.904,48,0,5.8427698612213135,UniLasso
0,1,0.1,4.282366381432611,0.9765804678971522,0.6349206349206349,1.0,0.5348837209302325,0.4651162790697674,1.0,0.914,43,1,0.0248606204986572,UniLasso
0,2,0.1,3.9068972901824552,0.981863731646691,0.6557377049180327,1.0,0.5121951219512195,0.4878048780487805,1.0,0.918,41,2,0.0264368057250976,UniLasso
0,3,0.1,5.041562672375274,0.9750550806863456,0.5797101449275363,1.0,0.5918367346938775,0.4081632653061224,1.0,0.902,49,3,0.0256183147430419,UniLasso
0,4,0.1,6.024156719540197,0.9753419630101764,0.5405405405405406,1.0,0.6296296296296297,0.3703703703703703,1.0,0.892,54,4,0.0268080234527587,UniLasso
0,5,0.1,4.222744253013366,0.980936012695406,0.5970149253731344,1.0,0.574468085106383,0.425531914893617,1.0,0.906,47,5,0.0254561901092529,UniLasso
0,6,0.1,2.7756179590472407,0.9850279873746052,0.6060606060606061,1.0,0.5652173913043478,0.4347826086956521,1.0,0.908,46,6,0.0278646945953369,UniLasso
0,7,0.1,5.507473414776953,0.9783083020941504,0.6557377049180327,1.0,0.5121951219512195,0.4878048780487805,1.0,0.918,41,7,0.0260179042816162,UniLasso
0,8,0.1,3.250329211485508,0.9797183427405672,0.5714285714285715,1.0,0.6,0.4,1.0,0.9,50,8,0.0288765430450439,UniLasso
0,9,0.1,3.645989945183277,0.9838805057318368,0.6451612903225806,1.0,0.5238095238095238,0.4761904761904761,1.0,0.916,42,9,0.0261256694793701,UniLasso
1,0,0.5,4.727963178510839,0.9785732999505948,0.6153846153846153,1.0,0.5555555555555556,0.4444444444444444,1.0,0.91,45,0,0.02834153175354,UniLasso
1,1,0.5,4.961519353841501,0.973094420872742,0.5797101449275363,1.0,0.5918367346938775,0.4081632653061224,1.0,0.902,49,1,0.2426502704620361,UniLasso
1,2,0.5,4.19072058755353,0.9804882961614224,0.6451612903225806,1.0,0.5238095238095238,0.4761904761904761,1.0,0.916,42,2,0.0270483493804931,UniLasso
1,3,0.5,4.816768919997163,0.9760150205307672,0.5882352941176471,1.0,0.5833333333333334,0.4166666666666667,1.0,0.904,48,3,0.0257396697998046,UniLasso
1,4,0.5,6.513246253628619,0.9734665559023262,0.5479452054794521,1.0,0.6226415094339622,0.3773584905660377,1.0,0.894,53,4,0.0270397663116455,UniLasso
1,5,0.5,4.772083433868121,0.9783365697796936,0.6153846153846153,1.0,0.5555555555555556,0.4444444444444444,1.0,0.91,45,5,0.0257544517517089,UniLasso
1,6,0.5,3.012035156361526,0.9837412038411436,0.5555555555555556,1.0,0.6153846153846154,0.3846153846153846,1.0,0.896,52,6,0.0282318592071533,UniLasso
1,7,0.5,5.75196536169686,0.9775617444315848,0.6153846153846153,1.0,0.5555555555555556,0.4444444444444444,1.0,0.91,45,7,0.0258538722991943,UniLasso
1,8,0.5,3.726012988425288,0.9770722164800668,0.5714285714285715,1.0,0.6,0.4,1.0,0.9,50,8,0.0273177623748779,UniLasso
1,9,0.5,3.79698083355147,0.9832083109631208,0.7017543859649124,1.0,0.4594594594594595,0.5405405405405406,1.0,0.926,37,9,0.0261578559875488,UniLasso
2,0,1.0,5.424069785062917,0.975148604054315,0.625,1.0,0.5454545454545454,0.4545454545454545,1.0,0.912,44,0,0.0278489589691162,UniLasso
2,1,1.0,6.1213784770628905,0.9672220135982612,0.5405405405405406,1.0,0.6296296296296297,0.3703703703703703,1.0,0.892,54,1,0.0272018909454345,UniLasso
2,2,1.0,5.048475558009756,0.9764475677803448,0.5797101449275363,1.0,0.5918367346938775,0.4081632653061224,1.0,0.902,49,2,0.0267224311828613,UniLasso
2,3,1.0,5.802239551904121,0.9709671044704358,0.5714285714285715,1.0,0.6,0.4,1.0,0.9,50,3,0.0269958972930908,UniLasso
2,4,1.0,7.720475448720644,0.9687961991301955,0.5405405405405406,1.0,0.6296296296296297,0.3703703703703703,1.0,0.892,54,4,0.0261194705963134,UniLasso
2,5,1.0,6.202292775096709,0.9717196151222393,0.5882352941176471,1.0,0.5833333333333334,0.4166666666666667,1.0,0.904,48,5,0.0273876190185546,UniLasso
2,6,1.0,3.8426101848206553,0.9792917966550844,0.5,1.0,0.6666666666666666,0.3333333333333333,1.0,0.88,60,6,0.0271189212799072,UniLasso
2,7,1.0,6.363084254420485,0.9755207440739274,0.5882352941176471,1.0,0.5833333333333334,0.4166666666666667,1.0,0.904,48,7,0.0260803699493408,UniLasso
2,8,1.0,5.159338595996414,0.9688887447557988,0.5479452054794521,1.0,0.6226415094339622,0.3773584905660377,1.0,0.894,53,8,0.039454698562622,UniLasso
2,9,1.0,4.582038076604925,0.979761155884552,0.6896551724137931,1.0,0.4736842105263157,0.5263157894736842,1.0,0.924,38,9,0.0281312465667724,UniLasso
3,0,1.5,6.7604581369644405,0.96874363175752,0.5671641791044776,0.95,0.5957446808510638,0.4042553191489361,0.95,0.906,47,0,0.0274679660797119,UniLasso
3,1,1.5,7.946893412539521,0.9580762912882363,0.5333333333333333,1.0,0.6363636363636364,0.3636363636363636,1.0,0.89,55,1,0.0276656150817871,UniLasso
3,2,1.5,6.644648363226323,0.9689983192124992,0.5194805194805194,1.0,0.6491228070175439,0.3508771929824561,1.0,0.886,57,2,0.2431490421295166,UniLasso
3,3,1.5,7.48757958672031,0.9624827726841954,0.5633802816901409,1.0,0.6078431372549019,0.392156862745098,1.0,0.898,51,3,0.0250308513641357,UniLasso
3,4,1.5,9.620650996955824,0.961504330371614,0.5263157894736842,1.0,0.6428571428571429,0.3571428571428571,1.0,0.888,56,4,0.0265007019042968,UniLasso
3,5,1.5,8.426938579253168,0.9615146839622606,0.5555555555555556,1.0,0.6153846153846154,0.3846153846153846,1.0,0.896,52,5,0.0276901721954345,UniLasso
3,6,1.5,5.343053648492355,0.9713331185528116,0.4819277108433735,1.0,0.6825396825396826,0.3174603174603174,1.0,0.874,63,6,0.0280182361602783,UniLasso
3,7,1.5,7.526831538098485,0.9715021088907764,0.5846153846153845,0.95,0.5777777777777777,0.4222222222222222,0.95,0.91,45,7,0.0267872810363769,UniLasso
3,8,1.5,7.0960208315996,0.9581913868079402,0.5135135135135135,0.95,0.6481481481481481,0.3518518518518518,0.95,0.892,54,8,0.0265684127807617,UniLasso
3,9,1.5,5.8564537616691705,0.9742082351247072,0.6349206349206349,1.0,0.5348837209302325,0.4651162790697674,1.0,0.914,43,9,0.0259549617767334,UniLasso
4,0,2.0,8.333895880847237,0.9611923532277944,0.5507246376811594,0.95,0.6122448979591837,0.3877551020408163,0.95,0.902,49,0,0.0270953178405761,UniLasso
4,1,2.0,10.527116502453632,0.9454029830787316,0.4938271604938271,1.0,0.6721311475409836,0.3278688524590163,1.0,0.878,61,1,0.0273256301879882,UniLasso
4,2,2.0,9.006114900355621,0.958057244905454,0.4871794871794871,0.95,0.6724137931034483,0.3275862068965517,0.95,0.884,58,2,0.0283405780792236,UniLasso
4,3,2.0,9.767233087987217,0.9511648394627488,0.5070422535211269,0.9,0.6470588235294118,0.3529411764705882,0.9,0.898,51,3,0.0264947414398193,UniLasso
4,4,2.0,11.923296802116647,0.952864061807571,0.5194805194805194,1.0,0.6491228070175439,0.3508771929824561,1.0,0.886,57,4,0.0273633003234863,UniLasso
4,5,2.0,11.227615513165247,0.9487873312678294,0.5066666666666667,0.95,0.6545454545454545,0.3454545454545454,0.95,0.89,55,5,0.0298569202423095,UniLasso
4,6,2.0,7.636614605123579,0.959321049988636,0.5,1.0,0.6666666666666666,0.3333333333333333,1.0,0.88,60,6,0.0288267135620117,UniLasso
4,7,2.0,9.497501611250168,0.9646788088266656,0.5671641791044776,0.95,0.5957446808510638,0.4042553191489361,0.95,0.906,47,7,0.0270962715148925,UniLasso
4,8,2.0,9.630445950615888,0.9447111870629537,0.4935064935064935,0.95,0.6666666666666666,0.3333333333333333,0.95,0.886,57,8,0.0286033153533935,UniLasso
4,9,2.0,7.830665442353295,0.9656743108044108,0.6349206349206349,1.0,0.5348837209302325,0.4651162790697674,1.0,0.914,43,9,0.0475695133209228,UniLasso
5,0,3.0,13.573049660998487,0.9362614026274444,0.5507246376811594,0.95,0.6122448979591837,0.3877551020408163,0.95,0.902,49,0,0.0271418094635009,UniLasso
5,1,3.0,17.350378876115066,0.9135501780447712,0.4285714285714286,0.9,0.71875,0.28125,0.9,0.872,64,1,0.0295448303222656,UniLasso
5,2,3.0,14.609105329514303,0.932596271843352,0.3797468354430379,0.75,0.7457627118644068,0.2542372881355932,0.75,0.882,59,2,0.0284500122070312,UniLasso
5,3,3.0,16.40850837466873,0.9191537594692412,0.4657534246575342,0.85,0.6792452830188679,0.320754716981132,0.85,0.894,53,3,0.2303566932678222,UniLasso
5,4,3.0,18.895681036967968,0.927512505795546,0.4931506849315068,0.9,0.660377358490566,0.3396226415094339,0.9,0.894,53,4,0.0263638496398925,UniLasso
5,5,3.0,18.756812955240022,0.9153700701472516,0.45,0.9,0.7,0.3,0.9,0.88,60,5,0.0270977020263671,UniLasso
5,6,3.0,14.865130484161227,0.9225690807541852,0.4938271604938271,1.0,0.6721311475409836,0.3278688524590163,1.0,0.878,61,6,0.0275681018829345,UniLasso
5,7,3.0,15.997059338704236,0.9429084210880893,0.5588235294117647,0.95,0.6041666666666666,0.3958333333333333,0.95,0.904,48,7,0.0260732173919677,UniLasso
5,8,3.0,16.615562105888575,0.910089495299355,0.4634146341463415,0.95,0.6935483870967742,0.3064516129032258,0.95,0.876,62,8,0.027714729309082,UniLasso
5,9,3.0,13.466625343699087,0.941811415482436,0.5555555555555556,1.0,0.6153846153846154,0.3846153846153846,1.0,0.896,52,9,0.0264768600463867,UniLasso
0,0,0.1,216.63931549074013,0.028015380945716,0.6666666666666666,0.5,0.0,1.0,0.5,0.98,10,0,0.1048903465270996,AdaptiveLasso
0,1,0.1,182.31191023653824,0.0029672255441746,0.6666666666666666,0.5,0.0,1.0,0.5,0.98,10,1,0.0461924076080322,AdaptiveLasso
0,2,0.1,205.833549275629,0.0444968965123471,0.8235294117647058,0.7,0.0,1.0,0.7,0.972,14,2,0.0799245834350586,AdaptiveLasso
0,3,0.1,185.9299893379306,0.0800454376106803,0.7096774193548387,0.55,0.0,1.0,0.55,0.978,11,3,0.0844748020172119,AdaptiveLasso
0,4,0.1,223.35044752614644,0.0857834792163698,0.7096774193548387,0.55,0.0,1.0,0.55,0.978,11,4,0.1741557121276855,AdaptiveLasso
0,5,0.1,207.74457909209625,0.0621170070662547,0.7096774193548387,0.55,0.0,1.0,0.55,0.978,11,5,0.049964427947998,AdaptiveLasso
0,6,0.1,171.04429155026887,0.0773667952950705,0.7499999999999999,0.6,0.0,1.0,0.6,0.976,12,6,0.0568993091583251,AdaptiveLasso
0,7,0.1,236.5538914575641,0.068310427394335,0.888888888888889,0.8,0.0,1.0,0.8,0.968,16,7,0.0366759300231933,AdaptiveLasso
0,8,0.1,151.7781874107482,0.0529226499134124,0.7096774193548387,0.55,0.0,1.0,0.55,0.978,11,8,0.0421123504638671,AdaptiveLasso
0,9,0.1,209.06236270341077,0.0757024544902067,0.6206896551724138,0.45,0.0,1.0,0.45,0.982,9,9,0.0806992053985595,AdaptiveLasso
1,0,0.5,214.53765134639053,0.0277348339775272,0.6206896551724138,0.45,0.0,1.0,0.45,0.982,9,0,0.0344517230987548,AdaptiveLasso
1,1,0.5,183.75000435683472,0.0035511444636535,0.7096774193548387,0.55,0.0,1.0,0.55,0.978,11,1,0.0561263561248779,AdaptiveLasso
1,2,0.5,205.7306959681208,0.0421321759898587,0.7499999999999999,0.6,0.0,1.0,0.6,0.976,12,2,0.0474641323089599,AdaptiveLasso
1,3,0.5,184.4469003686263,0.0815513071140363,0.6206896551724138,0.45,0.0,1.0,0.45,0.982,9,3,0.0902531147003173,AdaptiveLasso
1,4,0.5,224.4668624109005,0.0855744257724383,0.7096774193548387,0.55,0.0,1.0,0.55,0.978,11,4,0.0360703468322753,AdaptiveLasso
1,5,0.5,206.68828313525356,0.0617143934916294,0.5185185185185185,0.35,0.0,1.0,0.35,0.986,7,5,0.0435452461242675,AdaptiveLasso
1,6,0.5,170.68061064675985,0.0786756751780354,0.7096774193548387,0.55,0.0,1.0,0.55,0.978,11,6,0.0389080047607421,AdaptiveLasso
1,7,0.5,239.109082725422,0.0672421738402834,0.787878787878788,0.65,0.0,1.0,0.65,0.974,13,7,0.0499300956726074,AdaptiveLasso
1,8,0.5,153.9046143648622,0.0529577615971513,0.6666666666666666,0.5,0.0,1.0,0.5,0.98,10,8,0.0492854118347168,AdaptiveLasso
1,9,0.5,209.27996760886933,0.0744846256046677,0.6666666666666666,0.5,0.0,1.0,0.5,0.98,10,9,0.0425829887390136,AdaptiveLasso
2,0,1.0,212.31383126315663,0.0272442474843908,0.5714285714285715,0.4,0.0,1.0,0.4,0.984,8,0,0.023832082748413,AdaptiveLasso
2,1,1.0,185.7432181760149,0.0054056120852958,0.6666666666666666,0.5,0.0,1.0,0.5,0.98,10,1,0.0422017574310302,AdaptiveLasso
2,2,1.0,206.11075073699288,0.0384405290873566,0.6666666666666666,0.5,0.0,1.0,0.5,0.98,10,2,0.0497260093688964,AdaptiveLasso
2,3,1.0,183.2143413605892,0.0832431538449172,0.787878787878788,0.65,0.0,1.0,0.65,0.974,13,3,0.035377025604248,AdaptiveLasso
2,4,1.0,226.472681177565,0.0846666772204487,0.7096774193548387,0.55,0.0,1.0,0.55,0.978,11,4,0.0526461601257324,AdaptiveLasso
2,5,1.0,205.62347907611684,0.0624255676021153,0.4615384615384615,0.3,0.0,1.0,0.3,0.988,6,5,0.069171667098999,AdaptiveLasso
2,6,1.0,170.78616403451343,0.0796166035015325,0.6666666666666666,0.5,0.0,1.0,0.5,0.98,10,6,0.0540165901184082,AdaptiveLasso
2,7,1.0,242.57405607842813,0.0667996584134312,0.787878787878788,0.65,0.0,1.0,0.65,0.974,13,7,0.0520985126495361,AdaptiveLasso
2,8,1.0,156.8593358778397,0.0541247206147182,0.6666666666666666,0.5,0.0,1.0,0.5,0.98,10,8,0.0748298168182373,AdaptiveLasso
2,9,1.0,209.6078871342553,0.0741627891006313,0.6666666666666666,0.5,0.0,1.0,0.5,0.98,10,9,0.0454730987548828,AdaptiveLasso
3,0,1.5,210.35866337230212,0.0274256992422007,0.5714285714285715,0.4,0.0,1.0,0.4,0.984,8,0,0.0426485538482666,AdaptiveLasso
3,1,1.5,188.1567440163965,0.0073821153999242,0.6666666666666666,0.5,0.0,1.0,0.5,0.98,10,1,0.0538349151611328,AdaptiveLasso
3,2,1.5,206.5422712256648,0.0363436540749571,0.6206896551724138,0.45,0.0,1.0,0.45,0.982,9,2,0.0337140560150146,AdaptiveLasso
3,3,1.5,182.6638794804463,0.0847453159617892,0.6451612903225806,0.5,0.0909090909090909,0.9090909090909092,0.5,0.978,11,3,0.0313403606414794,AdaptiveLasso
3,4,1.5,228.75086141177692,0.084685891744448,0.6206896551724138,0.45,0.0,1.0,0.45,0.982,9,4,0.0302369594573974,AdaptiveLasso
3,5,1.5,205.13512783314903,0.0631603457348956,0.4615384615384615,0.3,0.0,1.0,0.3,0.988,6,5,0.0593569278717041,AdaptiveLasso
3,6,1.5,171.41014015938632,0.0803397289148288,0.6206896551724138,0.45,0.0,1.0,0.45,0.982,9,6,0.030738353729248,AdaptiveLasso
3,7,1.5,246.75085488938933,0.0657584193093071,0.787878787878788,0.65,0.0,1.0,0.65,0.974,13,7,0.0317530632019043,AdaptiveLasso
3,8,1.5,160.42432034025072,0.0548057122610365,0.7096774193548387,0.55,0.0,1.0,0.55,0.978,11,8,0.0573768615722656,AdaptiveLasso
3,9,1.5,210.5616685436556,0.072688478756224,0.6206896551724138,0.45,0.0,1.0,0.45,0.982,9,9,0.0449786186218261,AdaptiveLasso
4,0,2.0,208.7316533638229,0.0280195013549618,0.6206896551724138,0.45,0.0,1.0,0.45,0.982,9,0,0.0571224689483642,AdaptiveLasso
4,1,2.0,191.09545183033177,0.0089174357739549,0.6666666666666666,0.5,0.0,1.0,0.5,0.98,10,1,0.0465509891510009,AdaptiveLasso
4,2,2.0,207.30046172961147,0.0345723329636785,0.6206896551724138,0.45,0.0,1.0,0.45,0.982,9,2,0.0336158275604248,AdaptiveLasso
4,3,2.0,182.97142046684337,0.0851617226973961,0.6,0.45,0.1,0.9,0.45,0.98,10,3,0.0204718112945556,AdaptiveLasso
4,4,2.0,231.2935599707721,0.085635531176763,0.6206896551724138,0.45,0.0,1.0,0.45,0.982,9,4,0.0414199829101562,AdaptiveLasso
4,5,2.0,205.2991145121237,0.0635664776560117,0.4,0.25,0.0,1.0,0.25,0.99,5,5,0.0193438529968261,AdaptiveLasso
4,6,2.0,172.60043379800956,0.0805867807315721,0.5517241379310346,0.4,0.1111111111111111,0.8888888888888888,0.4,0.982,9,6,0.031339406967163,AdaptiveLasso
4,7,2.0,251.52917742459448,0.0645634478269665,0.7096774193548387,0.55,0.0,1.0,0.55,0.978,11,7,0.0308842658996582,AdaptiveLasso
4,8,2.0,164.35221790199182,0.056446702679352,0.6451612903225806,0.5,0.0909090909090909,0.9090909090909092,0.5,0.978,11,8,0.0308418273925781,AdaptiveLasso
4,9,2.0,211.66278215769472,0.0721770802105299,0.6206896551724138,0.45,0.0,1.0,0.45,0.982,9,9,0.0420548915863037,AdaptiveLasso
5,0,3.0,207.13358760035493,0.0273074458477482,0.6,0.45,0.1,0.9,0.45,0.98,10,0,0.0206916332244873,AdaptiveLasso
5,1,3.0,198.3104241649237,0.0119004902812682,0.6451612903225806,0.5,0.0909090909090909,0.9090909090909092,0.5,0.978,11,1,0.0316579341888427,AdaptiveLasso
5,2,3.0,210.3423236987905,0.0295191603699465,0.4444444444444444,0.3,0.1428571428571428,0.8571428571428571,0.3,0.986,7,2,0.0777425765991211,AdaptiveLasso
5,3,3.0,186.01498159140985,0.0834869568473251,0.6,0.45,0.1,0.9,0.45,0.98,10,3,0.0426568984985351,AdaptiveLasso
5,4,3.0,238.14989849687348,0.0864108388943538,0.5806451612903226,0.45,0.1818181818181818,0.8181818181818182,0.45,0.978,11,4,0.0319368839263916,AdaptiveLasso
5,5,3.0,207.4650104939955,0.0639268341106166,0.3846153846153846,0.25,0.1666666666666666,0.8333333333333334,0.25,0.988,6,5,0.0307369232177734,AdaptiveLasso
5,6,3.0,176.85091015267932,0.0788019952349817,0.4827586206896551,0.35,0.2222222222222222,0.7777777777777778,0.35,0.982,9,6,0.0333611965179443,AdaptiveLasso
5,7,3.0,263.0000673247609,0.0613844219992962,0.6,0.45,0.1,0.9,0.45,0.98,10,7,0.0415506362915039,AdaptiveLasso
5,8,3.0,173.91713199309214,0.0588956898397172,0.5333333333333333,0.4,0.2,0.8,0.4,0.98,10,8,0.0314631462097168,AdaptiveLasso
5,9,3.0,214.47873168016363,0.0732486063087435,0.5714285714285715,0.4,0.0,1.0,0.4,0.984,8,9,0.1141643524169921,AdaptiveLasso
0,0,0.1,205.74114989136964,0.0769116272918573,0.6153846153846153,1.0,0.5555555555555556,0.4444444444444444,1.0,0.91,45,0,13.33655881881714,GroupLasso
0,1,0.1,171.16062796297726,0.0639516883229553,0.5479452054794521,1.0,0.6226415094339622,0.3773584905660377,1.0,0.894,53,1,12.188247203826904,GroupLasso
0,2,0.1,192.8529896125493,0.1047541533430623,0.5194805194805194,1.0,0.6491228070175439,0.3508771929824561,1.0,0.886,57,2,7.782751321792602,GroupLasso
0,3,0.1,174.37397312253916,0.1372229261817806,0.5479452054794521,1.0,0.6226415094339622,0.3773584905660377,1.0,0.894,53,3,5.433044672012329,GroupLasso
0,4,0.1,208.5602426965881,0.1463226442403091,0.5333333333333333,1.0,0.6363636363636364,0.3636363636363636,1.0,0.89,55,4,4.962917327880859,GroupLasso
0,5,0.1,196.31763715116037,0.1137050415385961,0.5797101449275363,1.0,0.5918367346938775,0.4081632653061224,1.0,0.902,49,5,4.935343503952026,GroupLasso
0,6,0.1,162.5013473757503,0.1234484498765383,0.4761904761904761,1.0,0.6875,0.3125,1.0,0.872,64,6,4.736465930938721,GroupLasso
0,7,0.1,223.98416012717797,0.1178174870280438,0.5882352941176471,1.0,0.5833333333333334,0.4166666666666667,1.0,0.904,48,7,4.527575969696045,GroupLasso
0,8,0.1,143.79343414852573,0.1027465349504356,0.5194805194805194,1.0,0.6491228070175439,0.3508771929824561,1.0,0.886,57,8,4.913413763046265,GroupLasso
0,9,0.1,198.15137597462453,0.1239416407411257,0.6349206349206349,1.0,0.5348837209302325,0.4651162790697674,1.0,0.914,43,9,4.5433995723724365,GroupLasso
1,0,0.5,203.8205206802439,0.076303897547547,0.4761904761904761,1.0,0.6875,0.3125,1.0,0.872,64,0,4.7936787605285645,GroupLasso
1,1,0.5,172.6320871519424,0.0638419505158208,0.4347826086956522,1.0,0.7222222222222222,0.2777777777777778,1.0,0.856,72,1,4.1722962856292725,GroupLasso
1,2,0.5,192.8088437738556,0.1022954218548289,0.4081632653061224,1.0,0.7435897435897436,0.2564102564102564,1.0,0.844,78,2,4.417882442474365,GroupLasso
1,3,0.5,173.41421964528516,0.1364882627859921,0.4545454545454545,1.0,0.7058823529411765,0.2941176470588235,1.0,0.864,68,3,4.892659664154053,GroupLasso
1,4,0.5,209.67097678138768,0.145849408313984,0.4705882352941176,1.0,0.6923076923076923,0.3076923076923077,1.0,0.87,65,4,4.389422655105591,GroupLasso
1,5,0.5,195.2160690729261,0.1137938494055421,0.4597701149425287,1.0,0.7014925373134329,0.2985074626865671,1.0,0.866,67,5,4.370070934295654,GroupLasso
1,6,0.5,162.17445937493173,0.1245914007408518,0.449438202247191,1.0,0.7101449275362319,0.2898550724637681,1.0,0.862,69,6,5.0297276973724365,GroupLasso
1,7,0.5,226.2799160177747,0.1172883933868962,0.4878048780487805,1.0,0.6774193548387096,0.3225806451612903,1.0,0.876,62,7,3.850297212600708,GroupLasso
1,8,0.5,145.88160616678098,0.10232683135501,0.4819277108433735,1.0,0.6825396825396826,0.3174603174603174,1.0,0.874,63,8,4.824146270751953,GroupLasso
1,9,0.5,198.21215725752012,0.1234306798214276,0.5405405405405406,1.0,0.6296296296296297,0.3703703703703703,1.0,0.892,54,9,4.73624587059021,GroupLasso
2,0,1.0,201.82527452196035,0.0752995430102813,0.4255319148936171,1.0,0.7297297297297297,0.2702702702702703,1.0,0.852,74,0,3.932846784591675,GroupLasso
2,1,1.0,174.90312901637256,0.063450756067126,0.4040404040404041,1.0,0.7468354430379747,0.2531645569620253,1.0,0.842,79,1,5.120520830154419,GroupLasso
2,2,1.0,193.1599755751996,0.0988592140320011,0.4123711340206185,1.0,0.7402597402597403,0.2597402597402597,1.0,0.846,77,2,3.7900335788726807,GroupLasso
2,3,1.0,172.88366617297322,0.1349351618685238,0.4444444444444445,1.0,0.7142857142857143,0.2857142857142857,1.0,0.86,70,3,2.3815741539001465,GroupLasso
2,4,1.0,211.5617147465121,0.1449322438142796,0.4545454545454545,1.0,0.7058823529411765,0.2941176470588235,1.0,0.864,68,4,2.9736032485961914,GroupLasso
2,5,1.0,194.3846634089169,0.1136708157972341,0.4081632653061224,1.0,0.7435897435897436,0.2564102564102564,1.0,0.844,78,5,2.4110586643218994,GroupLasso
2,6,1.0,162.27660120250655,0.1254754726102553,0.4395604395604395,1.0,0.7183098591549296,0.2816901408450704,1.0,0.858,71,6,2.715170383453369,GroupLasso
2,7,1.0,229.7241929354364,0.1162340326752177,0.4819277108433735,1.0,0.6825396825396826,0.3174603174603174,1.0,0.874,63,7,2.3597640991210938,GroupLasso
2,8,1.0,149.02881229577812,0.1013434509469937,0.4705882352941176,1.0,0.6923076923076923,0.3076923076923077,1.0,0.87,65,8,2.8981828689575195,GroupLasso
2,9,1.0,198.63566756894392,0.1226270396525048,0.4819277108433735,1.0,0.6825396825396826,0.3174603174603174,1.0,0.874,63,9,2.493195056915283,GroupLasso
3,0,1.5,200.2849803900684,0.074000463625267,0.4255319148936171,1.0,0.7297297297297297,0.2702702702702703,1.0,0.852,74,0,2.845207452774048,GroupLasso
3,1,1.5,177.62216414664226,0.0629571225043984,0.4123711340206185,1.0,0.7402597402597403,0.2597402597402597,1.0,0.846,77,1,2.7746171951293945,GroupLasso
3,2,1.5,193.98858108457893,0.0949149242437478,0.4081632653061224,1.0,0.7435897435897436,0.2564102564102564,1.0,0.844,78,2,2.573721647262573,GroupLasso
3,3,1.5,173.07746698209425,0.1327789445433962,0.4210526315789474,1.0,0.7333333333333333,0.2666666666666666,1.0,0.85,75,3,3.0938587188720703,GroupLasso
3,4,1.5,214.04005490101125,0.1435490962806836,0.4545454545454545,1.0,0.7058823529411765,0.2941176470588235,1.0,0.864,68,4,2.271787166595459,GroupLasso
3,5,1.5,194.21124627818816,0.1130490485001602,0.396039603960396,1.0,0.7530864197530864,0.2469135802469135,1.0,0.838,81,5,3.0747599601745605,GroupLasso
3,6,1.5,162.93892680982478,0.1257900060001515,0.4347826086956522,1.0,0.7222222222222222,0.2777777777777778,1.0,0.856,72,6,2.700968742370605,GroupLasso
3,7,1.5,233.78514255652792,0.1148488574764339,0.4819277108433735,1.0,0.6825396825396826,0.3174603174603174,1.0,0.874,63,7,2.2896170616149902,GroupLasso
3,8,1.5,152.76335741820506,0.0999428733669063,0.4761904761904761,1.0,0.6875,0.3125,1.0,0.872,64,8,2.8237552642822266,GroupLasso
3,9,1.5,199.47043636707716,0.1215341563824844,0.4819277108433735,1.0,0.6825396825396826,0.3174603174603174,1.0,0.874,63,9,2.846956491470337,GroupLasso
4,0,2.0,199.22128279787083,0.0723055239874801,0.4123711340206185,1.0,0.7402597402597403,0.2597402597402597,1.0,0.846,77,0,2.451912403106689,GroupLasso
4,1,2.0,181.02093775419604,0.0611671107310182,0.3738317757009345,1.0,0.7701149425287356,0.2298850574712643,1.0,0.8260000000000001,87,1,2.9959726333618164,GroupLasso
4,2,2.0,195.2780566972213,0.0905623792266977,0.392156862745098,1.0,0.7560975609756098,0.2439024390243902,1.0,0.836,82,2,2.337235450744629,GroupLasso
4,3,2.0,174.06265216701598,0.129704647617078,0.3809523809523809,1.0,0.7647058823529411,0.2352941176470588,1.0,0.83,85,3,3.181537389755249,GroupLasso
4,4,2.0,217.06515397270655,0.1418841742183874,0.4347826086956522,1.0,0.7222222222222222,0.2777777777777778,1.0,0.856,72,4,2.440374851226806,GroupLasso
4,5,2.0,194.6802811367585,0.1120023005016574,0.396039603960396,1.0,0.7530864197530864,0.2469135802469135,1.0,0.838,81,5,2.9633047580718994,GroupLasso
4,6,2.0,164.16149632541797,0.1255395684977978,0.4301075268817204,1.0,0.726027397260274,0.273972602739726,1.0,0.854,73,6,2.273368120193481,GroupLasso
4,7,2.0,238.4756497040576,0.1131094936162461,0.4651162790697675,1.0,0.696969696969697,0.303030303030303,1.0,0.868,66,7,2.9786062240600586,GroupLasso
4,8,2.0,157.10530042181068,0.0980515740411317,0.4395604395604395,1.0,0.7183098591549296,0.2816901408450704,1.0,0.858,71,8,2.737270832061768,GroupLasso
4,9,2.0,200.72591828992128,0.1201187772046539,0.4761904761904761,1.0,0.6875,0.3125,1.0,0.872,64,9,2.295817852020264,GroupLasso
5,0,3.0,198.55572183635425,0.0675888229813267,0.3064516129032258,0.95,0.8173076923076923,0.1826923076923076,0.95,0.792,104,0,2.920707941055298,GroupLasso
5,1,3.0,189.76102628549805,0.0544986335136452,0.2878787878787879,0.95,0.8303571428571429,0.1696428571428571,0.95,0.776,112,1,2.620046377182007,GroupLasso
5,2,3.0,198.90818661571,0.0822741683098768,0.2677165354330708,0.85,0.8411214953271028,0.1588785046728972,0.85,0.786,107,2,3.105548143386841,GroupLasso
5,3,3.0,178.26959183286746,0.1216492095716673,0.2992125984251969,0.95,0.822429906542056,0.1775700934579439,0.95,0.786,107,3,2.8029539585113525,GroupLasso
5,4,3.0,224.8482047241741,0.137438713908309,0.3418803418803419,1.0,0.7938144329896907,0.2061855670103092,1.0,0.806,97,4,2.4233858585357666,GroupLasso
5,5,3.0,197.72351915156773,0.1078800222635379,0.2926829268292683,0.9,0.8252427184466019,0.174757281553398,0.9,0.794,103,5,3.0054831504821777,GroupLasso
5,6,3.0,168.25672989646034,0.1235681866997866,0.3478260869565217,1.0,0.7894736842105263,0.2105263157894736,1.0,0.81,95,6,2.7952959537506104,GroupLasso
5,7,3.0,249.71856044228127,0.1087845211172376,0.3508771929824561,1.0,0.7872340425531915,0.2127659574468085,1.0,0.812,94,7,2.527141809463501,GroupLasso
5,8,3.0,167.85059289161234,0.0917230831547434,0.3305785123966942,1.0,0.801980198019802,0.198019801980198,1.0,0.798,101,8,2.851602077484131,GroupLasso
5,9,3.0,204.6309299857644,0.1158004429108416,0.4123711340206185,1.0,0.7402597402597403,0.2597402597402597,1.0,0.846,77,9,2.524900197982788,GroupLasso
0,0,0.1,205.56561015302623,0.0776992125245565,1.0,1.0,0.0,1.0,1.0,0.96,20,0,4.247043132781982,FusedLasso
0,1,0.1,171.0328062002862,0.0646507237646134,0.1212121212121212,1.0,0.935483870967742,0.064516129032258,1.0,0.38,310,1,4.118637323379517,FusedLasso
0,2,0.1,192.69853692262612,0.1054711405644506,0.2366863905325443,1.0,0.8657718120805369,0.1342281879194631,1.0,0.702,149,2,4.436556339263916,FusedLasso
0,3,0.1,174.28888315681414,0.1376439389643932,0.4301075268817204,1.0,0.726027397260274,0.273972602739726,1.0,0.854,73,3,3.8510873317718506,FusedLasso
0,4,0.1,208.32380336954435,0.147290436073012,0.1408450704225352,1.0,0.9242424242424242,0.0757575757575757,1.0,0.472,264,4,3.94803786277771,FusedLasso
0,5,0.1,196.1588585514503,0.1144218628821936,0.7017543859649124,1.0,0.4594594594594595,0.5405405405405406,1.0,0.926,37,5,2.63583779335022,FusedLasso
0,6,0.1,162.46705542922288,0.123633424705183,0.8163265306122449,1.0,0.3103448275862069,0.6896551724137931,1.0,0.942,29,6,3.1108522415161133,FusedLasso
0,7,0.1,223.81975227289385,0.1184650227018269,0.8,1.0,0.3333333333333333,0.6666666666666666,1.0,0.94,30,7,2.402028560638428,FusedLasso
0,8,0.1,143.74226720015628,0.1030658104583359,0.4166666666666667,1.0,0.7368421052631579,0.2631578947368421,1.0,0.848,76,8,1.5866320133209229,FusedLasso
0,9,0.1,197.9241507261061,0.1249462392578919,0.5,1.0,0.6666666666666666,0.3333333333333333,1.0,0.88,60,9,2.000985145568848,FusedLasso
1,0,0.5,203.50722326520307,0.0777237329999137,0.5882352941176471,1.0,0.5833333333333334,0.4166666666666667,1.0,0.904,48,0,1.427238702774048,FusedLasso
1,1,0.5,172.4675882609809,0.0647340034559517,0.3125,1.0,0.8148148148148148,0.1851851851851851,1.0,0.784,108,1,1.4622013568878174,FusedLasso
1,2,0.5,192.5573030365802,0.1034665780477832,0.3076923076923077,1.0,0.8181818181818182,0.1818181818181818,1.0,0.78,110,2,1.5973286628723145,FusedLasso
1,3,0.5,173.24710251329586,0.1373204183338905,0.851063829787234,1.0,0.2592592592592592,0.7407407407407407,1.0,0.946,27,3,1.5131635665893557,FusedLasso
1,4,0.5,209.40681740742545,0.1469255319102628,0.4938271604938271,1.0,0.6721311475409836,0.3278688524590163,1.0,0.878,61,4,1.4830529689788818,FusedLasso
1,5,0.5,194.9914725494436,0.1148134315611382,0.1454545454545454,1.0,0.9215686274509804,0.0784313725490196,1.0,0.49,255,5,1.556938886642456,FusedLasso
1,6,0.5,162.21948705292127,0.1243483438706846,0.2247191011235955,1.0,0.8734177215189873,0.1265822784810126,1.0,0.6839999999999999,158,6,1.5076653957366943,FusedLasso
1,7,0.5,226.1560834246228,0.1177714608600324,0.8,1.0,0.3333333333333333,0.6666666666666666,1.0,0.94,30,7,1.481924295425415,FusedLasso
1,8,0.5,145.7046242483739,0.1034158783134575,0.3361344537815126,1.0,0.797979797979798,0.202020202020202,1.0,0.802,99,8,1.403329849243164,FusedLasso
1,9,0.5,197.93481794166948,0.1246571794414189,0.5,1.0,0.6666666666666666,0.3333333333333333,1.0,0.88,60,9,1.5096611976623535,FusedLasso
2,0,1.0,201.3660999444748,0.0774033377042048,0.625,1.0,0.5454545454545454,0.4545454545454545,1.0,0.912,44,0,1.5023183822631836,FusedLasso
2,1,1.0,174.70273019003432,0.0645238264595633,0.2684563758389262,1.0,0.8449612403100775,0.1550387596899224,1.0,0.742,129,1,1.3831374645233154,FusedLasso
2,2,1.0,192.81982658111525,0.1004460962572791,0.3703703703703703,1.0,0.7727272727272727,0.2272727272727272,1.0,0.8240000000000001,88,2,1.4837782382965088,FusedLasso
2,3,1.0,172.62195822264553,0.136244680290359,0.6666666666666666,1.0,0.5,0.5,1.0,0.92,40,3,1.4773483276367188,FusedLasso
2,4,1.0,211.28175542901792,0.1460637537650279,0.4040404040404041,1.0,0.7468354430379747,0.2531645569620253,1.0,0.842,79,4,1.3728015422821045,FusedLasso
2,5,1.0,194.113419817042,0.1149075960415736,0.2649006622516556,1.0,0.8473282442748091,0.1526717557251908,1.0,0.738,131,5,1.4916818141937256,FusedLasso
2,6,1.0,162.41354314698373,0.1247374790339398,0.3174603174603175,1.0,0.8113207547169812,0.1886792452830188,1.0,0.788,106,6,1.578535556793213,FusedLasso
2,7,1.0,229.61514771746985,0.1166535376969,0.6896551724137931,1.0,0.4736842105263157,0.5263157894736842,1.0,0.924,38,7,1.73567795753479,FusedLasso
2,8,1.0,148.7082650591834,0.1032763783387451,0.3100775193798449,1.0,0.8165137614678899,0.1834862385321101,1.0,0.782,109,8,1.3741567134857178,FusedLasso
2,9,1.0,198.36100320933585,0.1238402310457759,0.6349206349206349,1.0,0.5348837209302325,0.4651162790697674,1.0,0.914,43,9,1.4777865409851074,FusedLasso
3,0,1.5,199.70742284604736,0.0766707488206501,0.5479452054794521,1.0,0.6226415094339622,0.3773584905660377,1.0,0.894,53,0,1.4757609367370603,FusedLasso
3,1,1.5,177.4229429529483,0.0640081107157738,0.3636363636363636,1.0,0.7777777777777778,0.2222222222222222,1.0,0.8200000000000001,90,1,1.4095511436462402,FusedLasso
3,2,1.5,193.5583676403112,0.096922154595243,0.3053435114503817,1.0,0.8198198198198198,0.1801801801801801,1.0,0.778,111,2,1.579617261886597,FusedLasso
3,3,1.5,172.71921698341814,0.1345739901226185,0.6451612903225806,1.0,0.5238095238095238,0.4761904761904761,1.0,0.916,42,3,1.5668611526489258,FusedLasso
3,4,1.5,213.76210334733855,0.1446612799765962,0.3773584905660377,1.0,0.7674418604651163,0.2325581395348837,1.0,0.8280000000000001,86,4,1.4637584686279297,FusedLasso
3,5,1.5,193.8623620905582,0.1146423813689395,0.2649006622516556,1.0,0.8473282442748091,0.1526717557251908,1.0,0.738,131,5,1.5139729976654053,FusedLasso
3,6,1.5,163.12579202031583,0.1247874252311445,0.4878048780487805,1.0,0.6774193548387096,0.3225806451612903,1.0,0.876,62,6,1.508772611618042,FusedLasso
3,7,1.5,233.6771523402527,0.1152577271859121,0.6060606060606061,1.0,0.5652173913043478,0.4347826086956521,1.0,0.908,46,7,1.661478042602539,FusedLasso
3,8,1.5,152.3231575196232,0.1025364603537196,0.3571428571428571,1.0,0.782608695652174,0.217391304347826,1.0,0.8160000000000001,92,8,1.5008530616760254,FusedLasso
3,9,1.5,199.2098248517406,0.1226818869376792,0.5128205128205129,1.0,0.6551724137931034,0.3448275862068966,1.0,0.884,58,9,1.563565731048584,FusedLasso
4,0,2.0,198.51027390587845,0.0756164103156559,0.4761904761904761,1.0,0.6875,0.3125,1.0,0.872,64,0,1.6762583255767822,FusedLasso
4,1,2.0,180.61160099476984,0.0632900630110354,0.3603603603603603,1.0,0.7802197802197802,0.2197802197802197,1.0,0.8180000000000001,91,1,1.5192272663116455,FusedLasso
4,2,2.0,194.73297598040872,0.0931008974740195,0.3076923076923077,1.0,0.8181818181818182,0.1818181818181818,1.0,0.78,110,2,1.405864953994751,FusedLasso
4,3,2.0,173.5346037575397,0.1323448353361495,0.5,1.0,0.6666666666666666,0.3333333333333333,1.0,0.88,60,3,1.5113813877105713,FusedLasso
4,4,2.0,216.8415271198175,0.1427682301712741,0.3603603603603603,1.0,0.7802197802197802,0.2197802197802197,1.0,0.8180000000000001,91,4,1.620624303817749,FusedLasso
4,5,2.0,194.2642703634873,0.1138998558548464,0.3539823008849557,1.0,0.7849462365591398,0.2150537634408602,1.0,0.8140000000000001,93,5,1.5422449111938477,FusedLasso
4,6,2.0,164.3863377064105,0.1243418766185002,0.4878048780487805,1.0,0.6774193548387096,0.3225806451612903,1.0,0.876,62,6,1.437889575958252,FusedLasso
4,7,2.0,238.37625648160625,0.1134791368292967,0.5479452054794521,1.0,0.6226415094339622,0.3773584905660377,1.0,0.894,53,7,1.8107261657714844,FusedLasso
4,8,2.0,156.59393797316872,0.1009873283053656,0.4938271604938271,1.0,0.6721311475409836,0.3278688524590163,1.0,0.878,61,8,1.4760942459106443,FusedLasso
4,9,2.0,200.46429828113705,0.1212655874182924,0.4444444444444445,1.0,0.7142857142857143,0.2857142857142857,1.0,0.86,70,9,1.6343345642089844,FusedLasso
5,0,3.0,197.52704912094944,0.0724194364155145,0.4545454545454545,1.0,0.7058823529411765,0.2941176470588235,1.0,0.864,68,0,1.4309072494506836,FusedLasso
5,1,3.0,188.4676132628477,0.0609431801325451,0.3669724770642201,1.0,0.7752808988764045,0.2247191011235955,1.0,0.8220000000000001,89,1,1.5010888576507568,FusedLasso
5,2,3.0,198.5343929841501,0.0839987834563945,0.3149606299212598,1.0,0.8130841121495327,0.1869158878504672,1.0,0.786,107,2,1.3842694759368896,FusedLasso
5,3,3.0,177.39627172386946,0.1259521386362861,0.4597701149425287,1.0,0.7014925373134329,0.2985074626865671,1.0,0.866,67,3,1.435988187789917,FusedLasso
5,4,3.0,224.7027156227103,0.1379968382954927,0.4081632653061224,1.0,0.7435897435897436,0.2564102564102564,1.0,0.844,78,4,1.3429276943206787,FusedLasso
5,5,3.0,197.0565168238506,0.1108895079550049,0.396039603960396,1.0,0.7530864197530864,0.2469135802469135,1.0,0.838,81,5,1.2851831912994385,FusedLasso
5,6,3.0,168.55338534206638,0.1220229393252664,0.4255319148936171,1.0,0.7297297297297297,0.2702702702702703,1.0,0.852,74,6,1.3247520923614502,FusedLasso
5,7,3.0,249.62384873942588,0.1091225357824935,0.5555555555555556,1.0,0.6153846153846154,0.3846153846153846,1.0,0.896,52,7,1.4592747688293457,FusedLasso
5,8,3.0,166.95221382919814,0.0965844122147772,0.4938271604938271,1.0,0.6721311475409836,0.3278688524590163,1.0,0.878,61,8,1.4997999668121338,FusedLasso
5,9,3.0,204.2197312906714,0.1175772109883859,0.4819277108433735,1.0,0.6825396825396826,0.3174603174603174,1.0,0.874,63,9,1.4864420890808103,FusedLasso
0,0,0.1,211.4045900479896,0.0515017578473413,0.8571428571428571,0.75,0.0,1.0,0.75,0.97,15,0,17.170836448669434,AdaptiveSparseGroupLasso
0,1,0.1,177.260406723497,0.0305930375728363,0.8571428571428571,0.75,0.0,1.0,0.75,0.97,15,1,10.843513011932371,AdaptiveSparseGroupLasso
0,2,0.1,199.11448254412844,0.0756875801355126,0.9473684210526316,0.9,0.0,1.0,0.9,0.964,18,2,7.913613319396973,AdaptiveSparseGroupLasso
0,3,0.1,180.51323687024785,0.1068467414978191,0.9189189189189187,0.85,0.0,1.0,0.85,0.966,17,3,6.128505229949951,AdaptiveSparseGroupLasso
0,4,0.1,217.51415549089413,0.1096725497682473,0.8571428571428571,0.75,0.0,1.0,0.75,0.97,15,4,6.029555797576904,AdaptiveSparseGroupLasso
0,5,0.1,202.58928884814537,0.0853910634318619,0.8235294117647058,0.7,0.0,1.0,0.7,0.972,14,5,6.2450830936431885,AdaptiveSparseGroupLasso
0,6,0.1,166.8897497268121,0.0997768868679308,0.888888888888889,0.8,0.0,1.0,0.8,0.968,16,6,5.66780948638916,AdaptiveSparseGroupLasso
0,7,0.1,230.0369325382068,0.0939780781476261,0.9189189189189187,0.85,0.0,1.0,0.85,0.966,17,7,6.320704460144043,AdaptiveSparseGroupLasso
0,8,0.1,148.27503903710382,0.0747818678634372,0.888888888888889,0.8,0.0,1.0,0.8,0.968,16,8,6.183112859725952,AdaptiveSparseGroupLasso
0,9,0.1,204.80986729761895,0.0945034046709963,0.8571428571428571,0.75,0.0,1.0,0.75,0.97,15,9,5.351116895675659,AdaptiveSparseGroupLasso
1,0,0.5,209.4005157105386,0.0510158664700811,0.8235294117647058,0.7,0.0,1.0,0.7,0.972,14,0,6.022827386856079,AdaptiveSparseGroupLasso
1,1,0.5,178.8882570502794,0.0299156746658741,0.8571428571428571,0.75,0.0,1.0,0.75,0.97,15,1,5.598007917404175,AdaptiveSparseGroupLasso
1,2,0.5,199.31444331897924,0.0720058024528967,0.9189189189189187,0.85,0.0,1.0,0.85,0.966,17,2,6.06480073928833,AdaptiveSparseGroupLasso
1,3,0.5,179.31666789794545,0.1070971704355727,0.9189189189189187,0.85,0.0,1.0,0.85,0.966,17,3,6.043432950973511,AdaptiveSparseGroupLasso
1,4,0.5,218.5820815944991,0.1095476484541477,0.888888888888889,0.8,0.0,1.0,0.8,0.968,16,4,6.335392951965332,AdaptiveSparseGroupLasso
1,5,0.5,201.65859667922047,0.084547242724102,0.8235294117647058,0.7,0.0,1.0,0.7,0.972,14,5,5.61611795425415,AdaptiveSparseGroupLasso
1,6,0.5,166.46291105780435,0.1014425800500744,0.8571428571428571,0.75,0.0,1.0,0.75,0.97,15,6,6.050751686096191,AdaptiveSparseGroupLasso
1,7,0.5,232.5068223021018,0.092997406598498,0.9189189189189187,0.85,0.0,1.0,0.85,0.966,17,7,5.3440117835998535,AdaptiveSparseGroupLasso
1,8,0.5,150.3098363456935,0.0750779990954504,0.888888888888889,0.8,0.0,1.0,0.8,0.968,16,8,3.343413591384888,AdaptiveSparseGroupLasso
1,9,0.5,204.9762542630725,0.0935172779604326,0.8571428571428571,0.75,0.0,1.0,0.75,0.97,15,9,3.654176712036133,AdaptiveSparseGroupLasso
2,0,1.0,207.34055165167135,0.0500302634596976,0.888888888888889,0.8,0.0,1.0,0.8,0.968,16,0,3.704547166824341,AdaptiveSparseGroupLasso
2,1,1.0,180.9872721288744,0.0308721529052603,0.8571428571428571,0.75,0.0,1.0,0.75,0.97,15,1,3.3710827827453613,AdaptiveSparseGroupLasso
2,2,1.0,199.82074550089203,0.067785015414422,0.8235294117647058,0.7,0.0,1.0,0.7,0.972,14,2,3.785130500793457,AdaptiveSparseGroupLasso
2,3,1.0,178.37482216077393,0.1074588474722936,0.8333333333333334,0.75,0.0625,0.9375,0.75,0.968,16,3,3.592357635498047,AdaptiveSparseGroupLasso
2,4,1.0,220.30034935041732,0.1096133549886665,0.9189189189189187,0.85,0.0,1.0,0.85,0.966,17,4,3.831931352615357,AdaptiveSparseGroupLasso
2,5,1.0,201.01370799525756,0.0834445850997277,0.7499999999999999,0.6,0.0,1.0,0.6,0.976,12,5,3.794992923736572,AdaptiveSparseGroupLasso
2,6,1.0,166.43659018512233,0.1030568837809964,0.8571428571428571,0.75,0.0,1.0,0.75,0.97,15,6,3.8887341022491455,AdaptiveSparseGroupLasso
2,7,1.0,236.22385257527424,0.091229361136345,0.9189189189189187,0.85,0.0,1.0,0.85,0.966,17,7,3.539142847061157,AdaptiveSparseGroupLasso
2,8,1.0,153.30799324898598,0.0755396219494779,0.8571428571428571,0.75,0.0,1.0,0.75,0.97,15,8,3.723632335662842,AdaptiveSparseGroupLasso
2,9,1.0,205.3593479400965,0.092928569967442,0.787878787878788,0.65,0.0,1.0,0.65,0.974,13,9,3.806339740753174,AdaptiveSparseGroupLasso
3,0,1.5,205.6299538395713,0.0492884611249518,0.7499999999999999,0.6,0.0,1.0,0.6,0.976,12,0,3.5181665420532227,AdaptiveSparseGroupLasso
3,1,1.5,183.41707173151997,0.03238618050376,0.8235294117647058,0.7,0.0,1.0,0.7,0.972,14,1,3.6630358695983887,AdaptiveSparseGroupLasso
3,2,1.5,200.7497534769349,0.0633695817667671,0.787878787878788,0.65,0.0,1.0,0.65,0.974,13,2,3.865640878677368,AdaptiveSparseGroupLasso
3,3,1.5,178.13185115773484,0.1074534734932814,0.7647058823529412,0.65,0.0714285714285714,0.9285714285714286,0.65,0.972,14,3,3.4323902130126958,AdaptiveSparseGroupLasso
3,4,1.5,222.664780229115,0.1090384818772183,0.888888888888889,0.8,0.0,1.0,0.8,0.968,16,4,3.848813772201538,AdaptiveSparseGroupLasso
3,5,1.5,200.83422121691564,0.0828023247071947,0.6666666666666666,0.5,0.0,1.0,0.5,0.98,10,5,3.637250661849976,AdaptiveSparseGroupLasso
3,6,1.5,167.11997399373655,0.103357593407753,0.787878787878788,0.65,0.0,1.0,0.65,0.974,13,6,3.7398548126220703,AdaptiveSparseGroupLasso
3,7,1.5,240.48515955327449,0.0894814297830185,0.8235294117647058,0.7,0.0,1.0,0.7,0.972,14,7,3.5742127895355225,AdaptiveSparseGroupLasso
3,8,1.5,156.8824833014957,0.075673646312639,0.8571428571428571,0.75,0.0,1.0,0.75,0.97,15,8,3.6566238403320312,AdaptiveSparseGroupLasso
3,9,1.5,206.0598359698812,0.0925145052179493,0.8571428571428571,0.75,0.0,1.0,0.75,0.97,15,9,3.406150579452514,AdaptiveSparseGroupLasso
4,0,2.0,204.43094558306203,0.0480461912503579,0.7096774193548387,0.55,0.0,1.0,0.55,0.978,11,0,3.692126512527466,AdaptiveSparseGroupLasso
4,1,2.0,186.3420315656008,0.0335702043233416,0.787878787878788,0.65,0.0,1.0,0.65,0.974,13,1,3.733773708343506,AdaptiveSparseGroupLasso
4,2,2.0,201.90693985567947,0.0596907296928246,0.6874999999999999,0.55,0.0833333333333333,0.9166666666666666,0.55,0.976,12,2,3.4603025913238525,AdaptiveSparseGroupLasso
4,3,2.0,178.61532424042423,0.1069417556521264,0.7647058823529412,0.65,0.0714285714285714,0.9285714285714286,0.65,0.972,14,3,3.88750672340393,AdaptiveSparseGroupLasso
4,4,2.0,225.6622291377253,0.1078976677731189,0.8333333333333334,0.75,0.0625,0.9375,0.75,0.968,16,4,3.939000844955444,AdaptiveSparseGroupLasso
4,5,2.0,201.18561765270832,0.0823294244050385,0.6,0.45,0.1,0.9,0.45,0.98,10,5,3.363940477371216,AdaptiveSparseGroupLasso
4,6,2.0,168.54651722399674,0.1021813063416332,0.7058823529411764,0.6,0.1428571428571428,0.8571428571428571,0.6,0.972,14,6,1.8118929862976076,AdaptiveSparseGroupLasso
4,7,2.0,245.3104254726898,0.0876909749960679,0.8,0.7,0.0666666666666666,0.9333333333333332,0.7,0.97,15,7,1.6267297267913818,AdaptiveSparseGroupLasso
4,8,2.0,161.0565680219858,0.0753671733051175,0.8333333333333334,0.75,0.0625,0.9375,0.75,0.968,16,8,1.8083696365356443,AdaptiveSparseGroupLasso
4,9,2.0,207.14529640363307,0.0919794601079937,0.8235294117647058,0.7,0.0,1.0,0.7,0.972,14,9,1.7558975219726562,AdaptiveSparseGroupLasso
5,0,3.0,203.7144058207036,0.0433638116785605,0.5714285714285715,0.5,0.3333333333333333,0.6666666666666666,0.5,0.97,15,0,1.874326229095459,AdaptiveSparseGroupLasso
5,1,3.0,194.10080564354175,0.0328752928646217,0.7222222222222223,0.65,0.1875,0.8125,0.65,0.968,16,1,1.6742517948150637,AdaptiveSparseGroupLasso
5,2,3.0,205.96044510899264,0.0497363431898605,0.588235294117647,0.5,0.2857142857142857,0.7142857142857143,0.5,0.972,14,2,1.8889975547790527,AdaptiveSparseGroupLasso
5,3,3.0,182.16589966913,0.1024517399833496,0.6285714285714286,0.55,0.2666666666666666,0.7333333333333333,0.55,0.97,15,3,1.8890199661254885,AdaptiveSparseGroupLasso
5,4,3.0,233.1313020425974,0.105663147434179,0.6470588235294117,0.55,0.2142857142857142,0.7857142857142857,0.55,0.972,14,4,1.6545264720916748,AdaptiveSparseGroupLasso
5,5,3.0,203.51275963562975,0.081759219265927,0.3870967741935483,0.3,0.4545454545454545,0.5454545454545454,0.3,0.978,11,5,1.8222026824951167,AdaptiveSparseGroupLasso
5,6,3.0,172.904792857128,0.0993569099713114,0.6285714285714286,0.55,0.2666666666666666,0.7333333333333333,0.55,0.97,15,6,1.87395453453064,AdaptiveSparseGroupLasso
5,7,3.0,256.75168260119455,0.0836841548417177,0.7058823529411764,0.6,0.1428571428571428,0.8571428571428571,0.6,0.972,14,7,1.6499981880187988,AdaptiveSparseGroupLasso
5,8,3.0,171.2164776286537,0.0735095316935902,0.6285714285714286,0.55,0.2666666666666666,0.7333333333333333,0.55,0.97,15,8,1.8470687866210935,AdaptiveSparseGroupLasso
5,9,3.0,210.45122419151315,0.0906512557414844,0.7058823529411764,0.6,0.1428571428571428,0.8571428571428571,0.6,0.972,14,9,1.7123475074768066,AdaptiveSparseGroupLasso
